Datetime,open_time,open,high,low,close,volume
2024-04-10 00:00:00,1712678400000,69264.0,69320.0,69228.01,69296.01,43.64556
2024-04-10 00:01:00,1712678460000,69296.01,69312.08,69224.0,69224.0,25.16904
2024-04-10 00:02:00,1712678520000,69224.0,69284.01,69196.01,69284.01,24.90573
2024-04-10 00:03:00,1712678580000,69284.01,69289.62,69090.9,69090.91,41.98866
2024-04-10 00:04:00,1712678640000,69090.9,69129.26,69065.79,69086.72,34.25809
2024-04-10 00:05:00,1712678700000,69086.71,69130.8,69077.0,69077.01,20.28366
2024-04-10 00:06:00,1712678760000,69077.0,69077.71,69010.74,69010.99,30.64627
2024-04-10 00:07:00,1712678820000,69010.98,69061.45,68980.0,69031.08,52.19353
2024-04-10 00:08:00,1712678880000,69031.09,69039.83,68909.01,68929.21,70.91863
2024-04-10 00:09:00,1712678940000,68929.2,68991.23,68929.2,68944.0,32.38244
2024-04-10 00:10:00,1712679000000,68944.0,68999.09,68907.4,68999.08,40.75777
2024-04-10 00:11:00,1712679060000,68999.09,69033.19,68973.94,69033.19,36.77847
2024-04-10 00:12:00,1712679120000,69033.18,69056.07,68992.13,69011.04,43.25333
2024-04-10 00:13:00,1712679180000,69011.04,69052.01,69002.93,69024.01,20.37023
2024-04-10 00:14:00,1712679240000,69024.01,69069.98,69017.47,69045.38,14.51079
2024-04-10 00:15:00,1712679300000,69045.39,69045.39,68940.0,68940.01,15.61888
2024-04-10 00:16:00,1712679360000,68940.0,68946.4,68888.0,68924.03,51.08179
2024-04-10 00:17:00,1712679420000,68924.02,68960.0,68851.11,68959.99,36.62639
2024-04-10 00:18:00,1712679480000,68959.99,68960.0,68880.52,68907.98,20.42181
2024-04-10 00:19:00,1712679540000,68907.98,68907.99,68874.33,68882.64,13.62849
2024-04-10 00:20:00,1712679600000,68882.63,68882.64,68766.0,68819.99,157.63845
2024-04-10 00:21:00,1712679660000,68820.0,68890.0,68781.85,68888.0,39.30832
2024-04-10 00:22:00,1712679720000,68888.0,69033.97,68887.99,69014.63,98.96299
2024-04-10 00:23:00,1712679780000,69014.63,69020.15,68927.33,68934.51,20.80039
2024-04-10 00:24:00,1712679840000,68934.52,69035.71,68928.23,69024.64,23.48776
2024-04-10 00:25:00,1712679900000,69024.65,69070.63,69024.64,69038.26,24.34308
2024-04-10 00:26:00,1712679960000,69038.26,69107.92,69038.25,69107.92,18.98593
2024-04-10 00:27:00,1712680020000,69107.91,69212.97,69105.22,69173.93,54.76397
2024-04-10 00:28:00,1712680080000,69173.94,69215.47,69173.93,69215.04,18.65009
2024-04-10 00:29:00,1712680140000,69215.05,69215.05,69102.64,69111.83,23.49154
2024-04-10 00:30:00,1712680200000,69111.84,69111.84,69030.83,69030.83,20.41424
2024-04-10 00:31:00,1712680260000,69030.84,69030.84,68990.0,68990.0,37.6737
2024-04-10 00:32:00,1712680320000,68990.0,69000.01,68919.23,68936.48,61.36152
2024-04-10 00:33:00,1712680380000,68936.49,69025.55,68936.48,68971.43,28.35612
2024-04-10 00:34:00,1712680440000,68971.43,68971.44,68910.01,68910.01,42.94227
2024-04-10 00:35:00,1712680500000,68910.01,68959.19,68904.0,68908.1,28.08982
2024-04-10 00:36:00,1712680560000,68908.11,68908.11,68800.0,68839.1,106.46375
2024-04-10 00:37:00,1712680620000,68839.1,68885.18,68784.0,68805.38,45.17481
2024-04-10 00:38:00,1712680680000,68805.38,68874.32,68800.0,68800.01,21.1766
2024-04-10 00:39:00,1712680740000,68800.0,68866.11,68800.0,68866.1,26.48704
2024-04-10 00:40:00,1712680800000,68866.11,68934.19,68840.54,68840.55,30.7933
2024-04-10 00:41:00,1712680860000,68840.55,68907.53,68806.88,68806.89,26.0066
2024-04-10 00:42:00,1712680920000,68806.88,68826.41,68700.0,68745.75,73.97112
2024-04-10 00:43:00,1712680980000,68745.74,68745.75,68715.39,68715.4,9.736
2024-04-10 00:44:00,1712681040000,68715.39,68805.56,68712.56,68790.25,23.6731
2024-04-10 00:45:00,1712681100000,68790.26,68819.48,68720.0,68737.73,29.58547
2024-04-10 00:46:00,1712681160000,68737.72,68759.75,68672.04,68687.56,46.54372
2024-04-10 00:47:00,1712681220000,68687.57,68799.6,68684.97,68772.01,37.10591
2024-04-10 00:48:00,1712681280000,68772.01,68853.97,68772.0,68845.84,26.89234
2024-04-10 00:49:00,1712681340000,68845.83,68873.46,68776.0,68776.69,16.9766
2024-04-10 00:50:00,1712681400000,68776.7,68783.55,68600.0,68621.98,76.16797
2024-04-10 00:51:00,1712681460000,68621.99,68643.68,68569.72,68591.76,69.90849
2024-04-10 00:52:00,1712681520000,68591.76,68709.9,68591.76,68663.88,59.27148
2024-04-10 00:53:00,1712681580000,68663.87,68680.0,68600.91,68657.42,36.0175
2024-04-10 00:54:00,1712681640000,68657.42,68680.0,68516.15,68625.14,82.92375
2024-04-10 00:55:00,1712681700000,68625.15,68636.37,68526.0,68530.85,44.0539
2024-04-10 00:56:00,1712681760000,68530.84,68661.46,68530.84,68657.95,55.57832
2024-04-10 00:57:00,1712681820000,68657.94,68695.75,68600.01,68652.54,33.24485
2024-04-10 00:58:00,1712681880000,68652.55,68664.0,68605.31,68633.27,33.89685
2024-04-10 00:59:00,1712681940000,68633.28,68633.28,68600.0,68601.24,29.56875
2024-04-10 01:00:00,1712682000000,68601.25,68656.26,68536.61,68628.29,61.38419
2024-04-10 01:01:00,1712682060000,68628.3,68791.76,68628.29,68786.69,90.35971
2024-04-10 01:02:00,1712682120000,68786.7,68791.76,68679.39,68700.01,27.39045
2024-04-10 01:03:00,1712682180000,68700.0,68724.0,68628.01,68723.99,20.71725
2024-04-10 01:04:00,1712682240000,68723.99,68740.42,68680.0,68722.59,22.8279
2024-04-10 01:05:00,1712682300000,68722.59,68744.05,68720.0,68739.99,11.0032
2024-04-10 01:06:00,1712682360000,68740.0,68740.0,68561.97,68576.55,36.81214
2024-04-10 01:07:00,1712682420000,68576.54,68770.0,68500.0,68746.2,75.84517
2024-04-10 01:08:00,1712682480000,68746.21,68750.0,68648.09,68651.99,21.59218
2024-04-10 01:09:00,1712682540000,68651.99,68700.06,68624.89,68700.05,15.14962
2024-04-10 01:10:00,1712682600000,68700.06,68760.99,68640.0,68648.48,61.38515
2024-04-10 01:11:00,1712682660000,68648.47,68648.48,68210.0,68235.84,413.89721
2024-04-10 01:12:00,1712682720000,68235.84,68496.0,68235.84,68459.18,125.29817
2024-04-10 01:13:00,1712682780000,68459.18,68459.19,68322.44,68415.49,84.8971
2024-04-10 01:14:00,1712682840000,68415.49,68459.18,68346.15,68395.99,47.56262
2024-04-10 01:15:00,1712682900000,68396.0,68396.0,68296.38,68361.28,59.57018
2024-04-10 01:16:00,1712682960000,68361.27,68361.28,68255.99,68349.71,76.04073
2024-04-10 01:17:00,1712683020000,68349.72,68496.44,68324.01,68496.43,57.06185
2024-04-10 01:18:00,1712683080000,68496.43,68580.28,68488.0,68552.0,59.74987
2024-04-10 01:19:00,1712683140000,68552.0,68576.0,68452.76,68541.06,53.48004
2024-04-10 01:20:00,1712683200000,68541.06,68555.99,68452.01,68509.93,57.54664
2024-04-10 01:21:00,1712683260000,68509.92,68663.55,68509.92,68663.55,59.09333
2024-04-10 01:22:00,1712683320000,68663.54,68700.0,68640.24,68678.11,47.18873
2024-04-10 01:23:00,1712683380000,68678.11,68755.99,68678.11,68723.99,38.77509
2024-04-10 01:24:00,1712683440000,68723.99,68743.0,68708.62,68713.73,25.53583
2024-04-10 01:25:00,1712683500000,68713.73,68804.98,68708.62,68804.97,31.60869
2024-04-10 01:26:00,1712683560000,68804.98,68894.3,68804.97,68843.52,39.45295
2024-04-10 01:27:00,1712683620000,68843.52,68848.0,68760.78,68766.25,34.54027
2024-04-10 01:28:00,1712683680000,68766.25,68794.4,68731.85,68794.4,14.99421
2024-04-10 01:29:00,1712683740000,68794.39,68816.0,68760.03,68790.77,14.2216
2024-04-10 01:30:00,1712683800000,68790.76,68840.55,68760.06,68840.54,19.44527
2024-04-10 01:31:00,1712683860000,68840.54,68884.0,68811.61,68863.23,29.95442
2024-04-10 01:32:00,1712683920000,68863.22,68896.11,68840.54,68856.01,38.74529
2024-04-10 01:33:00,1712683980000,68856.01,68856.01,68753.78,68771.59,22.25642
2024-04-10 01:34:00,1712684040000,68771.59,68806.76,68771.59,68806.75,14.85387
2024-04-10 01:35:00,1712684100000,68806.75,68873.46,68780.01,68780.02,19.7968
2024-04-10 01:36:00,1712684160000,68780.02,68836.01,68772.46,68799.17,11.82377
2024-04-10 01:37:00,1712684220000,68799.16,68815.77,68772.06,68796.67,16.07332
2024-04-10 01:38:00,1712684280000,68796.67,68855.98,68788.0,68834.41,21.7359
2024-04-10 01:39:00,1712684340000,68834.4,68861.63,68809.79,68861.63,12.99909
2024-04-10 01:40:00,1712684400000,68861.62,68956.23,68856.0,68907.41,29.35182
2024-04-10 01:41:00,1712684460000,68907.41,68948.0,68893.14,68918.35,15.37772
2024-04-10 01:42:00,1712684520000,68918.35,68918.62,68826.13,68839.23,23.07131
2024-04-10 01:43:00,1712684580000,68839.22,68860.0,68822.41,68822.42,9.4233
2024-04-10 01:44:00,1712684640000,68822.41,68862.72,68822.41,68856.11,13.23879
2024-04-10 01:45:00,1712684700000,68856.12,68856.12,68801.84,68854.43,14.14864
2024-04-10 01:46:00,1712684760000,68854.43,68854.43,68767.44,68796.49,19.95885
2024-04-10 01:47:00,1712684820000,68796.5,68796.5,68713.84,68715.47,33.09934
2024-04-10 01:48:00,1712684880000,68715.46,68822.42,68705.88,68822.41,14.64061
2024-04-10 01:49:00,1712684940000,68822.41,68869.47,68788.49,68869.47,17.99272
2024-04-10 01:50:00,1712685000000,68865.84,68962.43,68856.0,68920.15,34.54227
2024-04-10 01:51:00,1712685060000,68920.14,68948.0,68887.89,68908.14,20.75877
2024-04-10 01:52:00,1712685120000,68908.13,68908.14,68795.6,68795.61,13.22037
2024-04-10 01:53:00,1712685180000,68795.6,68812.0,68769.03,68804.51,17.42932
2024-04-10 01:54:00,1712685240000,68804.52,68820.0,68773.74,68773.74,8.66428
2024-04-10 01:55:00,1712685300000,68773.74,68832.0,68773.74,68831.99,18.73994
2024-04-10 01:56:00,1712685360000,68832.0,68832.0,68797.57,68820.01,11.75087
2024-04-10 01:57:00,1712685420000,68820.0,68851.44,68806.75,68806.76,8.89921
2024-04-10 01:58:00,1712685480000,68806.75,68859.5,68802.0,68859.49,9.7665
2024-04-10 01:59:00,1712685540000,68859.49,68859.5,68802.01,68823.99,22.65538
2024-04-10 02:00:00,1712685600000,68823.99,68884.13,68812.01,68813.59,21.79837
2024-04-10 02:01:00,1712685660000,68813.58,68832.49,68807.09,68808.01,15.97078
2024-04-10 02:02:00,1712685720000,68808.01,68850.84,68784.0,68844.01,10.50012
2024-04-10 02:03:00,1712685780000,68844.0,68856.0,68824.97,68824.98,8.808
2024-04-10 02:04:00,1712685840000,68824.98,68936.17,68793.16,68917.55,26.71899
2024-04-10 02:05:00,1712685900000,68917.55,68941.37,68892.0,68940.67,11.98694
2024-04-10 02:06:00,1712685960000,68940.67,68940.68,68888.0,68896.01,13.82893
2024-04-10 02:07:00,1712686020000,68896.0,68896.01,68831.16,68831.16,7.92245
2024-04-10 02:08:00,1712686080000,68831.17,68831.17,68769.79,68798.8,32.25599
2024-04-10 02:09:00,1712686140000,68798.8,68918.84,68798.8,68871.71,20.58951
2024-04-10 02:10:00,1712686200000,68871.71,68872.0,68833.0,68844.55,25.58181
2024-04-10 02:11:00,1712686260000,68844.54,68885.93,68828.53,68854.43,15.02656
2024-04-10 02:12:00,1712686320000,68854.43,68863.33,68822.49,68858.84,10.01992
2024-04-10 02:13:00,1712686380000,68858.84,68860.0,68820.0,68832.0,16.36523
2024-04-10 02:14:00,1712686440000,68832.0,68860.01,68806.76,68806.77,13.74873
2024-04-10 02:15:00,1712686500000,68806.77,68808.0,68781.84,68800.0,13.00329
2024-04-10 02:16:00,1712686560000,68799.99,68831.99,68789.56,68828.01,13.6558
2024-04-10 02:17:00,1712686620000,68828.01,68865.88,68828.0,68844.55,10.51165
2024-04-10 02:18:00,1712686680000,68844.56,68908.0,68833.67,68908.0,10.07925
2024-04-10 02:19:00,1712686740000,68907.99,68918.84,68886.4,68886.41,12.04264
2024-04-10 02:20:00,1712686800000,68886.4,68890.55,68870.2,68877.08,6.24503
2024-04-10 02:21:00,1712686860000,68877.08,68918.8,68877.08,68918.79,6.76938
2024-04-10 02:22:00,1712686920000,68918.79,69025.89,68918.78,68976.25,89.8175
2024-04-10 02:23:00,1712686980000,68976.25,68990.04,68966.03,68966.04,18.18705
2024-04-10 02:24:00,1712687040000,68966.04,68966.04,68885.16,68885.16,11.92501
2024-04-10 02:25:00,1712687100000,68885.16,68955.21,68885.16,68939.23,11.07295
2024-04-10 02:26:00,1712687160000,68939.24,68952.0,68889.0,68926.32,16.5967
2024-04-10 02:27:00,1712687220000,68926.32,68991.99,68926.32,68991.98,11.03254
2024-04-10 02:28:00,1712687280000,68991.99,69000.0,68978.63,68985.1,25.51827
2024-04-10 02:29:00,1712687340000,68985.11,68994.96,68956.0,68967.99,14.03737
2024-04-10 02:30:00,1712687400000,68968.0,68976.0,68952.86,68960.02,7.79253
2024-04-10 02:31:00,1712687460000,68960.02,68983.99,68943.05,68963.99,10.54925
2024-04-10 02:32:00,1712687520000,68963.98,68976.01,68956.0,68967.21,5.99194
2024-04-10 02:33:00,1712687580000,68967.2,68996.0,68944.0,68944.01,7.96189
2024-04-10 02:34:00,1712687640000,68944.01,68955.71,68936.15,68955.7,9.42521
2024-04-10 02:35:00,1712687700000,68955.71,68998.8,68941.89,68941.9,13.92296
2024-04-10 02:36:00,1712687760000,68941.9,68996.01,68941.89,68980.0,15.2239
2024-04-10 02:37:00,1712687820000,68980.0,68980.01,68945.34,68960.01,7.70887
2024-04-10 02:38:00,1712687880000,68960.01,68969.63,68900.88,68910.71,26.50584
2024-04-10 02:39:00,1712687940000,68910.71,68910.72,68860.0,68867.49,6.06066
2024-04-10 02:40:00,1712688000000,68867.49,68868.0,68844.56,68868.0,7.88908
2024-04-10 02:41:00,1712688060000,68867.99,68868.0,68848.91,68859.18,6.95665
2024-04-10 02:42:00,1712688120000,68859.19,68859.19,68848.86,68848.86,5.69766
2024-04-10 02:43:00,1712688180000,68848.86,68908.0,68848.86,68907.99,5.5329
2024-04-10 02:44:00,1712688240000,68908.0,68908.11,68877.83,68877.84,5.31535
2024-04-10 02:45:00,1712688300000,68877.83,68899.66,68848.13,68898.23,11.7559
2024-04-10 02:46:00,1712688360000,68898.22,68917.64,68840.54,68867.93,10.46037
2024-04-10 02:47:00,1712688420000,68867.93,68891.99,68834.23,68891.99,19.77423
2024-04-10 02:48:00,1712688480000,68891.99,68950.0,68891.98,68944.0,13.78196
2024-04-10 02:49:00,1712688540000,68944.0,68944.01,68900.0,68900.0,15.14317
2024-04-10 02:50:00,1712688600000,68900.01,68912.9,68852.63,68860.0,17.03784
2024-04-10 02:51:00,1712688660000,68859.99,68863.42,68856.05,68860.0,8.84545
2024-04-10 02:52:00,1712688720000,68860.0,68861.63,68856.23,68860.01,9.55166
2024-04-10 02:53:00,1712688780000,68860.0,68887.7,68814.17,68860.0,25.26564
2024-04-10 02:54:00,1712688840000,68860.0,68873.46,68840.99,68873.46,11.83272
2024-04-10 02:55:00,1712688900000,68873.46,68900.0,68873.45,68889.53,10.03911
2024-04-10 02:56:00,1712688960000,68889.53,68897.38,68880.0,68886.89,8.05015
2024-04-10 02:57:00,1712689020000,68886.89,68898.59,68880.02,68884.01,7.96799
2024-04-10 02:58:00,1712689080000,68884.01,68901.31,68882.1,68901.3,4.27916
2024-04-10 02:59:00,1712689140000,68901.31,68901.31,68876.0,68879.23,6.54928
2024-04-10 03:00:00,1712689200000,68879.22,68879.23,68785.8,68785.8,48.60384
2024-04-10 03:01:00,1712689260000,68785.81,68800.0,68736.04,68739.99,32.3505
2024-04-10 03:02:00,1712689320000,68739.99,68742.87,68720.37,68720.37,28.24266
2024-04-10 03:03:00,1712689380000,68720.38,68784.0,68656.08,68784.0,30.86911
2024-04-10 03:04:00,1712689440000,68783.99,68809.36,68764.52,68809.36,13.94123
2024-04-10 03:05:00,1712689500000,68809.36,68830.0,68784.13,68829.99,17.74911
2024-04-10 03:06:00,1712689560000,68829.99,68849.99,68793.83,68793.85,19.79647
2024-04-10 03:07:00,1712689620000,68793.86,68819.96,68772.97,68772.97,17.03149
2024-04-10 03:08:00,1712689680000,68772.97,68805.56,68757.61,68800.01,14.87489
2024-04-10 03:09:00,1712689740000,68800.0,68805.55,68758.25,68783.99,16.98661
2024-04-10 03:10:00,1712689800000,68783.99,68805.56,68746.96,68746.97,10.85512
2024-04-10 03:11:00,1712689860000,68746.97,68758.61,68711.94,68711.95,11.42314
2024-04-10 03:12:00,1712689920000,68711.95,68766.85,68711.94,68720.44,10.94568
2024-04-10 03:13:00,1712689980000,68720.43,68734.06,68712.01,68729.74,6.86895
2024-04-10 03:14:00,1712690040000,68729.74,68757.53,68721.13,68721.13,11.77346
2024-04-10 03:15:00,1712690100000,68721.14,68756.55,68721.13,68756.55,7.85416
2024-04-10 03:16:00,1712690160000,68756.54,68799.99,68740.0,68768.89,10.91574
2024-04-10 03:17:00,1712690220000,68768.9,68791.72,68764.17,68772.33,8.08637
2024-04-10 03:18:00,1712690280000,68772.33,68784.0,68746.62,68770.88,7.50756
2024-04-10 03:19:00,1712690340000,68770.87,68835.99,68770.87,68835.98,12.42641
2024-04-10 03:20:00,1712690400000,68835.99,68835.99,68750.28,68750.29,25.64974
2024-04-10 03:21:00,1712690460000,68750.28,68787.58,68750.0,68776.0,14.85844
2024-04-10 03:22:00,1712690520000,68776.0,68873.46,68775.99,68873.46,14.91956
2024-04-10 03:23:00,1712690580000,68873.45,68960.0,68873.45,68938.11,18.77658
2024-04-10 03:24:00,1712690640000,68938.1,68964.67,68925.1,68925.1,9.02978
2024-04-10 03:25:00,1712690700000,68925.11,68950.74,68908.1,68950.74,18.92913
2024-04-10 03:26:00,1712690760000,68950.73,69032.78,68950.73,69032.01,22.87241
2024-04-10 03:27:00,1712690820000,69032.01,69064.99,69029.0,69056.0,23.72102
2024-04-10 03:28:00,1712690880000,69056.0,69115.38,69055.99,69088.0,33.06314
2024-04-10 03:29:00,1712690940000,69088.01,69174.0,69084.8,69118.36,46.94721
2024-04-10 03:30:00,1712691000000,69118.35,69128.93,69050.0,69050.0,30.16572
2024-04-10 03:31:00,1712691060000,69050.01,69139.73,69050.0,69090.01,25.53959
2024-04-10 03:32:00,1712691120000,69090.0,69139.73,69076.0,69112.46,46.47512
2024-04-10 03:33:00,1712691180000,69112.47,69120.0,69061.44,69084.0,17.46844
2024-04-10 03:34:00,1712691240000,69083.99,69084.0,69018.19,69040.0,20.21725
2024-04-10 03:35:00,1712691300000,69040.0,69049.06,69027.99,69038.6,12.36783
2024-04-10 03:36:00,1712691360000,69038.6,69038.61,69014.48,69030.82,10.6952
2024-04-10 03:37:00,1712691420000,69030.81,69036.0,69014.48,69014.49,7.42502
2024-04-10 03:38:00,1712691480000,69014.49,69020.01,68963.33,68972.0,10.41942
2024-04-10 03:39:00,1712691540000,68971.99,68996.0,68933.63,68933.63,11.66553
2024-04-10 03:40:00,1712691600000,68933.64,68971.42,68933.63,68956.85,6.02005
2024-04-10 03:41:00,1712691660000,68956.84,68995.73,68930.51,68930.51,13.17402
2024-04-10 03:42:00,1712691720000,68930.52,68938.06,68930.51,68931.17,5.69548
2024-04-10 03:43:00,1712691780000,68931.16,68938.07,68924.27,68924.28,6.82923
2024-04-10 03:44:00,1712691840000,68924.28,68984.68,68924.27,68984.68,10.31489
2024-04-10 03:45:00,1712691900000,68984.68,69009.46,68962.0,68962.0,10.24506
2024-04-10 03:46:00,1712691960000,68962.0,68996.0,68962.0,68984.01,4.43178
2024-04-10 03:47:00,1712692020000,68984.01,68996.86,68965.49,68996.86,30.43953
2024-04-10 03:48:00,1712692080000,68996.85,69000.0,68944.96,68944.97,11.69274
2024-04-10 03:49:00,1712692140000,68944.96,68961.11,68915.43,68961.1,9.91893
2024-04-10 03:50:00,1712692200000,68961.1,68961.11,68880.0,68911.99,12.86233
2024-04-10 03:51:00,1712692260000,68912.0,68912.0,68872.01,68888.0,12.50754
2024-04-10 03:52:00,1712692320000,68888.0,68891.32,68866.29,68871.99,15.7178
2024-04-10 03:53:00,1712692380000,68871.99,68976.78,68871.99,68969.34,27.27414
2024-04-10 03:54:00,1712692440000,68969.34,69020.0,68964.71,68980.01,11.45759
2024-04-10 03:55:00,1712692500000,68980.01,69025.98,68980.0,68993.55,10.01276
2024-04-10 03:56:00,1712692560000,68993.54,69000.0,68984.41,68984.43,7.50348
2024-04-10 03:57:00,1712692620000,68984.43,69011.62,68984.41,69000.0,12.22314
2024-04-10 03:58:00,1712692680000,68999.99,69116.23,68999.99,69116.23,20.72335
2024-04-10 03:59:00,1712692740000,69116.23,69139.72,69000.77,69000.77,39.74414
2024-04-10 04:00:00,1712692800000,69000.78,69043.25,68962.31,69029.93,22.00487
2024-04-10 04:01:00,1712692860000,69029.93,69077.03,69029.93,69077.02,8.76415
2024-04-10 04:02:00,1712692920000,69077.02,69164.0,69077.02,69161.35,31.82338
2024-04-10 04:03:00,1712692980000,69161.35,69161.36,69088.1,69090.74,45.84381
2024-04-10 04:04:00,1712693040000,69090.73,69114.9,69088.52,69109.72,9.45468
2024-04-10 04:05:00,1712693100000,69109.71,69109.72,69075.16,69095.88,9.91779
2024-04-10 04:06:00,1712693160000,69095.87,69130.44,69090.4,69108.0,14.61565
2024-04-10 04:07:00,1712693220000,69108.0,69108.91,69084.48,69087.99,29.96626
2024-04-10 04:08:00,1712693280000,69087.99,69088.0,69070.77,69070.77,3.15245
2024-04-10 04:09:00,1712693340000,69070.78,69070.78,69064.31,69070.77,4.83287
2024-04-10 04:10:00,1712693400000,69070.76,69079.0,69070.76,69079.0,11.50505
2024-04-10 04:11:00,1712693460000,69079.0,69086.0,69052.23,69063.9,14.41268
2024-04-10 04:12:00,1712693520000,69063.89,69086.0,69063.89,69086.0,12.74328
2024-04-10 04:13:00,1712693580000,69085.99,69120.0,69085.99,69089.15,44.06681
2024-04-10 04:14:00,1712693640000,69089.14,69108.0,69056.0,69108.0,13.30566
2024-04-10 04:15:00,1712693700000,69107.99,69120.0,69089.09,69119.99,25.27317
2024-04-10 04:16:00,1712693760000,69120.0,69163.99,69119.99,69160.16,24.09409
2024-04-10 04:17:00,1712693820000,69160.16,69200.0,69160.15,69194.35,22.7025
2024-04-10 04:18:00,1712693880000,69194.35,69208.2,69164.04,69164.04,24.18583
2024-04-10 04:19:00,1712693940000,69164.04,69166.73,69131.0,69131.01,9.86495
2024-04-10 04:20:00,1712694000000,69131.01,69160.0,69108.2,69120.01,20.28607
2024-04-10 04:21:00,1712694060000,69120.01,69120.01,69086.63,69094.73,17.11073
2024-04-10 04:22:00,1712694120000,69094.74,69094.74,69083.25,69083.26,8.36919
2024-04-10 04:23:00,1712694180000,69083.25,69096.0,69083.25,69084.0,8.27495
2024-04-10 04:24:00,1712694240000,69084.01,69084.01,69084.0,69084.01,3.45313
2024-04-10 04:25:00,1712694300000,69084.01,69084.01,69070.0,69074.06,13.19941
2024-04-10 04:26:00,1712694360000,69074.06,69078.53,69070.01,69070.01,10.75801
2024-04-10 04:27:00,1712694420000,69070.02,69088.6,69065.03,69065.04,7.51112
2024-04-10 04:28:00,1712694480000,69065.03,69084.68,69060.0,69084.67,10.08814
2024-04-10 04:29:00,1712694540000,69084.67,69100.0,69084.67,69088.0,5.8229
2024-04-10 04:30:00,1712694600000,69088.0,69098.41,69078.16,69091.57,4.54382
2024-04-10 04:31:00,1712694660000,69091.57,69091.58,69068.01,69068.02,8.5863
2024-04-10 04:32:00,1712694720000,69068.01,69084.0,69060.0,69060.01,11.20478
2024-04-10 04:33:00,1712694780000,69060.01,69069.53,69033.54,69034.93,8.90119
2024-04-10 04:34:00,1712694840000,69034.93,69047.35,69027.52,69030.01,8.6687
2024-04-10 04:35:00,1712694900000,69030.0,69075.22,69030.0,69062.34,8.33818
2024-04-10 04:36:00,1712694960000,69062.33,69069.7,69057.23,69057.23,3.87856
2024-04-10 04:37:00,1712695020000,69057.23,69088.0,69057.23,69062.33,17.20002
2024-04-10 04:38:00,1712695080000,69062.34,69074.76,69057.55,69069.16,9.19721
2024-04-10 04:39:00,1712695140000,69069.16,69069.17,69058.43,69058.43,6.55581
2024-04-10 04:40:00,1712695200000,69058.43,69069.17,69058.43,69069.16,8.44433
2024-04-10 04:41:00,1712695260000,69069.16,69107.01,69018.75,69031.83,22.68482
2024-04-10 04:42:00,1712695320000,69031.83,69031.84,69024.0,69024.0,16.85026
2024-04-10 04:43:00,1712695380000,69024.0,69054.25,69024.0,69054.24,10.9156
2024-04-10 04:44:00,1712695440000,69054.24,69054.25,69052.01,69052.01,4.24388
2024-04-10 04:45:00,1712695500000,69052.01,69125.0,69036.0,69107.76,14.90646
2024-04-10 04:46:00,1712695560000,69107.75,69107.76,69061.43,69061.43,10.58256
2024-04-10 04:47:00,1712695620000,69061.44,69088.0,69061.43,69088.0,9.3324
2024-04-10 04:48:00,1712695680000,69088.0,69088.0,69053.53,69077.43,11.78503
2024-04-10 04:49:00,1712695740000,69077.43,69100.0,69077.43,69096.0,10.95978
2024-04-10 04:50:00,1712695800000,69095.99,69104.01,69088.44,69104.01,8.88768
2024-04-10 04:51:00,1712695860000,69104.01,69124.0,69100.0,69123.99,10.37002
2024-04-10 04:52:00,1712695920000,69123.99,69124.0,69080.02,69080.02,12.7413
2024-04-10 04:53:00,1712695980000,69080.03,69080.03,69080.0,69080.01,3.35447
2024-04-10 04:54:00,1712696040000,69080.01,69105.89,69080.0,69105.88,11.17018
2024-04-10 04:55:00,1712696100000,69105.89,69134.7,69104.01,69104.01,9.62815
2024-04-10 04:56:00,1712696160000,69104.02,69104.02,69084.44,69084.44,7.40527
2024-04-10 04:57:00,1712696220000,69084.45,69105.89,69084.44,69105.88,9.9056
2024-04-10 04:58:00,1712696280000,69105.88,69128.0,69102.83,69124.46,17.01106
2024-04-10 04:59:00,1712696340000,69124.45,69171.19,69124.45,69171.19,7.38296
2024-04-10 05:00:00,1712696400000,69171.18,69186.54,69153.23,69153.24,17.34406
2024-04-10 05:01:00,1712696460000,69153.23,69153.24,69118.65,69118.65,11.37289
2024-04-10 05:02:00,1712696520000,69118.65,69118.66,69100.72,69114.7,18.99878
2024-04-10 05:03:00,1712696580000,69114.71,69114.71,69093.55,69094.35,9.39622
2024-04-10 05:04:00,1712696640000,69094.34,69094.35,69080.0,69080.0,6.99703
2024-04-10 05:05:00,1712696700000,69080.01,69080.01,69080.0,69080.0,4.1502
2024-04-10 05:06:00,1712696760000,69080.0,69080.01,69065.66,69066.04,5.90228
2024-04-10 05:07:00,1712696820000,69066.03,69066.04,68981.99,68996.0,27.59316
2024-04-10 05:08:00,1712696880000,68996.0,69022.36,68980.01,68980.01,23.27797
2024-04-10 05:09:00,1712696940000,68980.02,68980.02,68935.64,68943.33,19.43489
2024-04-10 05:10:00,1712697000000,68943.33,68979.53,68943.32,68979.53,11.48892
2024-04-10 05:11:00,1712697060000,68979.52,69034.92,68979.52,69026.89,15.79606
2024-04-10 05:12:00,1712697120000,69026.89,69059.91,69026.89,69032.0,14.34502
2024-04-10 05:13:00,1712697180000,69032.0,69035.95,69017.89,69030.59,11.90573
2024-04-10 05:14:00,1712697240000,69030.6,69040.0,69021.67,69039.99,10.50442
2024-04-10 05:15:00,1712697300000,69040.0,69086.78,69032.0,69086.77,15.50365
2024-04-10 05:16:00,1712697360000,69086.77,69100.0,69076.0,69100.0,7.09087
2024-04-10 05:17:00,1712697420000,69100.0,69128.51,69099.99,69121.6,13.96584
2024-04-10 05:18:00,1712697480000,69121.59,69121.6,69084.14,69107.99,8.02213
2024-04-10 05:19:00,1712697540000,69107.99,69126.76,69106.77,69106.77,10.33132
2024-04-10 05:20:00,1712697600000,69106.78,69106.78,69045.57,69045.58,6.3483
2024-04-10 05:21:00,1712697660000,69045.58,69045.58,69039.06,69039.07,7.08467
2024-04-10 05:22:00,1712697720000,69039.06,69039.07,68952.0,68952.74,17.31308
2024-04-10 05:23:00,1712697780000,68952.75,69003.77,68950.73,69003.77,17.27228
2024-04-10 05:24:00,1712697840000,69003.76,69015.76,69003.76,69004.71,6.7488
2024-04-10 05:25:00,1712697900000,69004.71,69008.0,68988.0,69004.34,10.59684
2024-04-10 05:26:00,1712697960000,69004.35,69009.4,69004.34,69009.4,11.07905
2024-04-10 05:27:00,1712698020000,69009.39,69009.4,69009.39,69009.4,4.71526
2024-04-10 05:28:00,1712698080000,69009.4,69043.25,69009.39,69043.25,28.81371
2024-04-10 05:29:00,1712698140000,69043.25,69085.25,69043.24,69085.24,8.14336
2024-04-10 05:30:00,1712698200000,69085.24,69100.0,69085.24,69100.0,12.55266
2024-04-10 05:31:00,1712698260000,69100.0,69134.35,69099.99,69134.34,12.89975
2024-04-10 05:32:00,1712698320000,69134.34,69153.04,69134.34,69153.03,10.88119
2024-04-10 05:33:00,1712698380000,69153.03,69191.07,69153.03,69191.07,7.43349
2024-04-10 05:34:00,1712698440000,69191.06,69199.52,69157.03,69157.04,9.96788
2024-04-10 05:35:00,1712698500000,69157.04,69195.24,69157.03,69195.24,15.25549
2024-04-10 05:36:00,1712698560000,69195.24,69217.39,69192.0,69192.0,15.35071
2024-04-10 05:37:00,1712698620000,69192.0,69192.01,69165.94,69183.17,6.73437
2024-04-10 05:38:00,1712698680000,69183.18,69183.18,69176.31,69176.31,4.05877
2024-04-10 05:39:00,1712698740000,69176.31,69209.9,69160.78,69209.9,10.93406
2024-04-10 05:40:00,1712698800000,69209.9,69209.9,69176.63,69200.02,8.4024
2024-04-10 05:41:00,1712698860000,69200.02,69200.03,69176.32,69176.32,11.58366
2024-04-10 05:42:00,1712698920000,69176.32,69176.33,69162.24,69162.24,5.25057
2024-04-10 05:43:00,1712698980000,69162.25,69164.03,69162.24,69164.02,5.74552
2024-04-10 05:44:00,1712699040000,69164.03,69164.03,69140.0,69140.01,11.75176
2024-04-10 05:45:00,1712699100000,69140.0,69150.39,69140.0,69150.39,6.99219
2024-04-10 05:46:00,1712699160000,69150.39,69180.66,69150.38,69163.81,7.06431
2024-04-10 05:47:00,1712699220000,69163.8,69163.81,69125.43,69125.43,5.20413
2024-04-10 05:48:00,1712699280000,69125.44,69167.65,69125.43,69167.65,3.56977
2024-04-10 05:49:00,1712699340000,69167.65,69175.37,69167.64,69175.36,4.54636
2024-04-10 05:50:00,1712699400000,69175.36,69175.37,69135.0,69135.0,14.79918
2024-04-10 05:51:00,1712699460000,69135.0,69135.01,69120.33,69120.34,2.80813
2024-04-10 05:52:00,1712699520000,69120.33,69120.34,69117.49,69117.49,5.70862
2024-04-10 05:53:00,1712699580000,69117.5,69160.0,69117.49,69160.0,9.89964
2024-04-10 05:54:00,1712699640000,69159.99,69200.0,69159.99,69199.99,3.15496
2024-04-10 05:55:00,1712699700000,69199.99,69226.35,69199.99,69213.84,28.51948
2024-04-10 05:56:00,1712699760000,69213.84,69213.84,69213.83,69213.84,4.52634
2024-04-10 05:57:00,1712699820000,69213.83,69250.0,69213.83,69249.99,16.4969
2024-04-10 05:58:00,1712699880000,69249.99,69250.0,69213.83,69213.83,15.96544
2024-04-10 05:59:00,1712699940000,69213.83,69213.84,69213.83,69213.83,2.90455
2024-04-10 06:00:00,1712700000000,69213.83,69246.36,69213.83,69246.36,7.02375
2024-04-10 06:01:00,1712700060000,69246.36,69246.36,69246.35,69246.35,2.70241
2024-04-10 06:02:00,1712700120000,69246.36,69250.0,69246.35,69249.99,9.87037
2024-04-10 06:03:00,1712700180000,69249.99,69250.0,69249.99,69249.99,4.0347
2024-04-10 06:04:00,1712700240000,69249.99,69250.0,69225.4,69245.63,11.6256
2024-04-10 06:05:00,1712700300000,69245.63,69247.72,69220.0,69227.04,8.19733
2024-04-10 06:06:00,1712700360000,69227.03,69233.95,69227.03,69233.95,2.97023
2024-04-10 06:07:00,1712700420000,69233.95,69248.0,69233.94,69247.99,3.81408
2024-04-10 06:08:00,1712700480000,69248.0,69269.0,69247.99,69268.99,11.97168
2024-04-10 06:09:00,1712700540000,69268.99,69269.0,69201.83,69210.13,14.80889
2024-04-10 06:10:00,1712700600000,69210.14,69210.14,69206.81,69206.81,5.30007
2024-04-10 06:11:00,1712700660000,69206.81,69206.82,69178.81,69178.82,11.78655
2024-04-10 06:12:00,1712700720000,69178.82,69178.82,69144.59,69151.64,9.47173
2024-04-10 06:13:00,1712700780000,69151.64,69184.0,69151.63,69179.99,9.44805
2024-04-10 06:14:00,1712700840000,69179.99,69207.8,69179.99,69207.79,10.73334
2024-04-10 06:15:00,1712700900000,69207.8,69207.8,69180.0,69180.0,8.09981
2024-04-10 06:16:00,1712700960000,69180.0,69220.78,69178.43,69220.77,9.82601
2024-04-10 06:17:00,1712701020000,69220.77,69238.43,69220.77,69238.42,7.07937
2024-04-10 06:18:00,1712701080000,69238.43,69279.16,69238.42,69279.16,11.28625
2024-04-10 06:19:00,1712701140000,69279.15,69279.16,69248.0,69267.24,19.70335
2024-04-10 06:20:00,1712701200000,69267.24,69276.0,69267.24,69275.99,6.00762
2024-04-10 06:21:00,1712701260000,69275.99,69300.94,69275.99,69300.93,10.57883
2024-04-10 06:22:00,1712701320000,69300.94,69309.0,69300.93,69308.99,7.40666
2024-04-10 06:23:00,1712701380000,69309.0,69309.0,69272.47,69272.47,16.32737
2024-04-10 06:24:00,1712701440000,69272.47,69284.0,69272.47,69274.72,8.04632
2024-04-10 06:25:00,1712701500000,69274.72,69274.73,69274.72,69274.73,5.70013
2024-04-10 06:26:00,1712701560000,69274.72,69308.91,69274.72,69290.58,12.07401
2024-04-10 06:27:00,1712701620000,69290.57,69298.99,69290.57,69298.28,5.95946
2024-04-10 06:28:00,1712701680000,69298.28,69298.75,69260.01,69264.32,19.72266
2024-04-10 06:29:00,1712701740000,69264.32,69264.32,69240.0,69240.01,13.45131
2024-04-10 06:30:00,1712701800000,69240.01,69280.87,69240.0,69280.87,7.82083
2024-04-10 06:31:00,1712701860000,69280.86,69280.87,69268.0,69269.32,9.07337
2024-04-10 06:32:00,1712701920000,69269.33,69303.43,69269.32,69284.0,11.8788
2024-04-10 06:33:00,1712701980000,69284.0,69323.02,69284.0,69323.01,7.10286
2024-04-10 06:34:00,1712702040000,69323.02,69328.45,69323.01,69328.45,8.29569
2024-04-10 06:35:00,1712702100000,69328.45,69358.71,69328.44,69358.71,14.42787
2024-04-10 06:36:00,1712702160000,69358.7,69398.72,69358.7,69398.71,26.88573
2024-04-10 06:37:00,1712702220000,69398.71,69398.72,69372.0,69378.92,21.35122
2024-04-10 06:38:00,1712702280000,69378.93,69389.18,69365.1,69389.18,16.14601
2024-04-10 06:39:00,1712702340000,69389.17,69390.79,69389.17,69389.81,13.42544
2024-04-10 06:40:00,1712702400000,69389.8,69439.6,69389.8,69415.63,32.51524
2024-04-10 06:41:00,1712702460000,69415.63,69415.79,69400.48,69400.48,20.70234
2024-04-10 06:42:00,1712702520000,69400.49,69402.99,69375.62,69375.62,12.51936
2024-04-10 06:43:00,1712702580000,69375.63,69375.63,69355.0,69355.01,6.94231
2024-04-10 06:44:00,1712702640000,69355.01,69368.0,69355.0,69360.32,5.98045
2024-04-10 06:45:00,1712702700000,69360.32,69368.87,69360.32,69368.87,5.80475
2024-04-10 06:46:00,1712702760000,69368.86,69375.23,69368.86,69375.22,2.70722
2024-04-10 06:47:00,1712702820000,69375.22,69376.0,69375.22,69375.99,2.84508
2024-04-10 06:48:00,1712702880000,69375.99,69376.5,69375.99,69376.5,14.63895
2024-04-10 06:49:00,1712702940000,69376.5,69376.5,69376.49,69376.49,6.06804
2024-04-10 06:50:00,1712703000000,69376.49,69407.38,69375.0,69375.01,18.15449
2024-04-10 06:51:00,1712703060000,69375.0,69375.01,69332.0,69332.01,18.60228
2024-04-10 06:52:00,1712703120000,69332.01,69336.0,69332.0,69336.0,2.5837
2024-04-10 06:53:00,1712703180000,69335.99,69336.0,69306.0,69306.0,16.87671
2024-04-10 06:54:00,1712703240000,69306.01,69306.01,69286.71,69302.19,12.81783
2024-04-10 06:55:00,1712703300000,69302.19,69327.83,69289.13,69327.82,8.13297
2024-04-10 06:56:00,1712703360000,69327.83,69327.83,69323.81,69323.82,5.80442
2024-04-10 06:57:00,1712703420000,69323.81,69332.0,69323.81,69331.99,7.26775
2024-04-10 06:58:00,1712703480000,69332.0,69332.0,69331.99,69332.0,16.75411
2024-04-10 06:59:00,1712703540000,69332.0,69332.0,69325.06,69325.65,9.26125
2024-04-10 07:00:00,1712703600000,69325.64,69332.0,69325.64,69332.0,4.30653
2024-04-10 07:01:00,1712703660000,69331.99,69332.0,69308.0,69308.01,9.77281
2024-04-10 07:02:00,1712703720000,69308.0,69308.01,69286.72,69286.72,8.09751
2024-04-10 07:03:00,1712703780000,69286.73,69326.61,69286.72,69326.61,6.00627
2024-04-10 07:04:00,1712703840000,69326.61,69326.61,69291.41,69291.41,13.8812
2024-04-10 07:05:00,1712703900000,69291.42,69291.42,69275.63,69275.63,7.39978
2024-04-10 07:06:00,1712703960000,69275.63,69275.64,69233.23,69238.91,14.11317
2024-04-10 07:07:00,1712704020000,69238.9,69238.91,69179.01,69199.83,39.10472
2024-04-10 07:08:00,1712704080000,69199.83,69200.0,69193.08,69193.09,5.25826
2024-04-10 07:09:00,1712704140000,69193.08,69193.09,69183.07,69187.79,9.28541
2024-04-10 07:10:00,1712704200000,69187.8,69187.8,69162.23,69180.0,17.19507
2024-04-10 07:11:00,1712704260000,69179.99,69180.0,69160.0,69162.9,9.75846
2024-04-10 07:12:00,1712704320000,69162.9,69194.7,69083.1,69163.74,35.5837
2024-04-10 07:13:00,1712704380000,69163.74,69190.02,69157.27,69171.9,14.462
2024-04-10 07:14:00,1712704440000,69171.9,69179.99,69161.08,69161.08,16.86834
2024-04-10 07:15:00,1712704500000,69161.09,69161.09,69090.9,69124.0,29.35532
2024-04-10 07:16:00,1712704560000,69124.0,69160.0,69106.97,69116.36,43.96513
2024-04-10 07:17:00,1712704620000,69116.37,69116.37,69074.9,69081.46,19.21011
2024-04-10 07:18:00,1712704680000,69081.45,69139.51,69037.27,69139.51,23.02934
2024-04-10 07:19:00,1712704740000,69139.51,69139.51,69100.0,69103.99,17.30149
2024-04-10 07:20:00,1712704800000,69104.0,69104.0,69057.83,69083.99,11.31507
2024-04-10 07:21:00,1712704860000,69084.0,69103.8,69064.67,69103.8,17.66906
2024-04-10 07:22:00,1712704920000,69103.79,69104.0,69077.08,69103.99,28.41097
2024-04-10 07:23:00,1712704980000,69104.0,69138.0,69103.99,69113.64,12.89
2024-04-10 07:24:00,1712705040000,69113.65,69113.65,69108.23,69111.79,5.10109
2024-04-10 07:25:00,1712705100000,69111.79,69111.79,69043.24,69046.21,16.34136
2024-04-10 07:26:00,1712705160000,69046.2,69049.32,69009.46,69049.31,18.81556
2024-04-10 07:27:00,1712705220000,69049.31,69049.32,69000.0,69002.99,17.48664
2024-04-10 07:28:00,1712705280000,69002.99,69003.0,68889.1,68927.58,39.40887
2024-04-10 07:29:00,1712705340000,68927.57,68986.34,68924.9,68986.34,9.60718
2024-04-10 07:30:00,1712705400000,68986.34,68987.0,68980.79,68986.99,3.77648
2024-04-10 07:31:00,1712705460000,68986.99,69000.0,68925.47,68925.48,23.57187
2024-04-10 07:32:00,1712705520000,68925.48,68953.39,68888.88,68889.53,19.21946
2024-04-10 07:33:00,1712705580000,68889.53,68927.48,68888.47,68907.79,16.21626
2024-04-10 07:34:00,1712705640000,68907.78,68941.36,68895.0,68923.99,17.13372
2024-04-10 07:35:00,1712705700000,68923.99,68979.0,68923.98,68963.99,11.43604
2024-04-10 07:36:00,1712705760000,68963.98,68969.62,68932.73,68952.01,8.72984
2024-04-10 07:37:00,1712705820000,68952.0,68952.01,68912.0,68936.0,10.96806
2024-04-10 07:38:00,1712705880000,68935.99,68956.6,68916.11,68956.6,8.51616
2024-04-10 07:39:00,1712705940000,68956.59,69000.0,68956.59,69000.0,5.17847
2024-04-10 07:40:00,1712706000000,69000.0,69053.4,68993.09,69053.39,14.36904
2024-04-10 07:41:00,1712706060000,69053.39,69087.38,69016.0,69083.22,15.58583
2024-04-10 07:42:00,1712706120000,69083.21,69110.82,69068.0,69110.82,7.52214
2024-04-10 07:43:00,1712706180000,69110.81,69128.0,69099.06,69124.01,10.26732
2024-04-10 07:44:00,1712706240000,69124.0,69168.0,69124.0,69167.99,14.62183
2024-04-10 07:45:00,1712706300000,69167.99,69223.31,69167.98,69179.02,17.13082
2024-04-10 07:46:00,1712706360000,69179.02,69234.54,69179.01,69234.53,12.88748
2024-04-10 07:47:00,1712706420000,69234.53,69252.0,69189.32,69209.03,26.54396
2024-04-10 07:48:00,1712706480000,69209.04,69269.82,69209.03,69268.01,42.80997
2024-04-10 07:49:00,1712706540000,69268.01,69268.01,69164.0,69164.0,17.57542
2024-04-10 07:50:00,1712706600000,69164.01,69188.0,69142.8,69169.18,17.15702
2024-04-10 07:51:00,1712706660000,69169.19,69169.19,69124.53,69139.99,10.65537
2024-04-10 07:52:00,1712706720000,69139.99,69233.98,69139.99,69220.01,11.99077
2024-04-10 07:53:00,1712706780000,69220.02,69220.02,69179.32,69203.99,8.75634
2024-04-10 07:54:00,1712706840000,69204.0,69216.0,69171.83,69171.84,9.80392
2024-04-10 07:55:00,1712706900000,69171.84,69171.99,69136.0,69171.22,18.61839
2024-04-10 07:56:00,1712706960000,69171.22,69175.63,69134.2,69175.62,7.65671
2024-04-10 07:57:00,1712707020000,69175.63,69175.63,69140.0,69164.09,13.32958
2024-04-10 07:58:00,1712707080000,69164.08,69164.09,69142.8,69142.81,5.83848
2024-04-10 07:59:00,1712707140000,69142.8,69156.0,69142.8,69146.0,7.11
2024-04-10 08:00:00,1712707200000,69146.0,69146.01,69100.0,69128.02,18.98405
2024-04-10 08:01:00,1712707260000,69128.01,69128.02,69100.0,69110.92,16.55567
2024-04-10 08:02:00,1712707320000,69110.93,69124.0,69101.2,69104.32,19.89709
2024-04-10 08:03:00,1712707380000,69104.31,69125.0,69104.31,69125.0,13.9162
2024-04-10 08:04:00,1712707440000,69124.99,69125.2,69100.0,69100.01,28.04073
2024-04-10 08:05:00,1712707500000,69100.0,69124.0,69100.0,69106.91,11.96893
2024-04-10 08:06:00,1712707560000,69106.9,69143.99,69106.9,69141.99,4.51721
2024-04-10 08:07:00,1712707620000,69141.99,69142.0,69137.99,69142.0,10.63898
2024-04-10 08:08:00,1712707680000,69141.99,69212.97,69141.99,69212.96,11.84774
2024-04-10 08:09:00,1712707740000,69212.97,69228.0,69180.23,69223.29,15.97915
2024-04-10 08:10:00,1712707800000,69223.3,69270.0,69223.29,69269.99,14.92922
2024-04-10 08:11:00,1712707860000,69270.0,69275.64,69244.32,69249.96,8.43314
2024-04-10 08:12:00,1712707920000,69249.97,69286.19,69249.96,69286.18,8.62404
2024-04-10 08:13:00,1712707980000,69286.18,69300.0,69272.03,69272.03,16.19304
2024-04-10 08:14:00,1712708040000,69272.04,69284.0,69272.0,69272.0,6.94063
2024-04-10 08:15:00,1712708100000,69272.0,69300.38,69272.0,69281.08,10.78047
2024-04-10 08:16:00,1712708160000,69281.08,69295.16,69268.01,69295.16,7.89303
2024-04-10 08:17:00,1712708220000,69295.16,69295.16,69257.28,69257.29,6.79441
2024-04-10 08:18:00,1712708280000,69257.29,69257.29,69220.07,69220.08,14.27725
2024-04-10 08:19:00,1712708340000,69220.08,69240.84,69220.07,69240.83,5.08158
2024-04-10 08:20:00,1712708400000,69240.83,69240.84,69200.0,69219.99,12.5644
2024-04-10 08:21:00,1712708460000,69219.99,69228.6,69209.0,69216.13,21.47646
2024-04-10 08:22:00,1712708520000,69216.13,69220.0,69213.07,69213.07,3.42769
2024-04-10 08:23:00,1712708580000,69213.08,69247.79,69213.07,69247.79,20.95259
2024-04-10 08:24:00,1712708640000,69247.79,69247.79,69224.0,69245.02,11.24874
2024-04-10 08:25:00,1712708700000,69245.03,69284.0,69245.02,69284.0,6.80582
2024-04-10 08:26:00,1712708760000,69283.99,69295.16,69283.99,69295.15,5.10278
2024-04-10 08:27:00,1712708820000,69295.15,69304.26,69288.0,69297.06,11.40299
2024-04-10 08:28:00,1712708880000,69297.06,69297.07,69263.99,69264.0,11.08716
2024-04-10 08:29:00,1712708940000,69263.99,69274.99,69263.99,69271.79,5.02502
2024-04-10 08:30:00,1712709000000,69271.8,69296.0,69271.79,69280.01,20.67725
2024-04-10 08:31:00,1712709060000,69280.0,69280.01,69232.0,69235.99,17.31048
2024-04-10 08:32:00,1712709120000,69235.99,69236.0,69220.77,69220.78,12.44863
2024-04-10 08:33:00,1712709180000,69220.78,69220.78,69025.97,69083.99,30.227
2024-04-10 08:34:00,1712709240000,69083.98,69155.34,69032.0,69155.33,18.11629
2024-04-10 08:35:00,1712709300000,69155.33,69189.33,69112.73,69119.97,10.51131
2024-04-10 08:36:00,1712709360000,69119.98,69144.0,69077.03,69124.0,9.74672
2024-04-10 08:37:00,1712709420000,69124.0,69132.6,69077.02,69087.99,11.74982
2024-04-10 08:38:00,1712709480000,69087.98,69103.8,69053.4,69055.81,14.01676
2024-04-10 08:39:00,1712709540000,69055.81,69078.31,69043.76,69058.72,7.0867
2024-04-10 08:40:00,1712709600000,69058.72,69093.83,69048.05,69093.82,6.23643
2024-04-10 08:41:00,1712709660000,69093.83,69110.03,69080.01,69110.03,6.99936
2024-04-10 08:42:00,1712709720000,69110.02,69197.04,69110.02,69197.04,13.36631
2024-04-10 08:43:00,1712709780000,69197.04,69201.82,69173.92,69173.92,4.60842
2024-04-10 08:44:00,1712709840000,69173.92,69188.6,69172.0,69172.01,5.62815
2024-04-10 08:45:00,1712709900000,69172.01,69230.64,69144.59,69230.63,14.49821
2024-04-10 08:46:00,1712709960000,69230.63,69243.6,69158.63,69175.55,13.79774
2024-04-10 08:47:00,1712710020000,69175.55,69200.0,69164.0,69182.93,12.63931
2024-04-10 08:48:00,1712710080000,69182.92,69186.0,69150.2,69150.2,8.09586
2024-04-10 08:49:00,1712710140000,69150.21,69159.79,69142.72,69144.6,4.39834
2024-04-10 08:50:00,1712710200000,69144.6,69146.86,69079.32,69086.23,13.8602
2024-04-10 08:51:00,1712710260000,69086.22,69086.23,69033.53,69067.33,29.40086
2024-04-10 08:52:00,1712710320000,69067.33,69104.0,69067.33,69094.06,10.15436
2024-04-10 08:53:00,1712710380000,69094.06,69110.82,69094.05,69100.15,6.36303
2024-04-10 08:54:00,1712710440000,69100.14,69100.15,69064.0,69073.14,13.67915
2024-04-10 08:55:00,1712710500000,69073.14,69098.33,69073.13,69098.32,6.31074
2024-04-10 08:56:00,1712710560000,69098.33,69104.31,69084.63,69104.3,12.39545
2024-04-10 08:57:00,1712710620000,69104.3,69113.4,69096.78,69113.39,5.57063
2024-04-10 08:58:00,1712710680000,69113.39,69154.72,69113.39,69154.71,7.83891
2024-04-10 08:59:00,1712710740000,69154.71,69154.72,69138.8,69138.81,6.45052
2024-04-10 09:00:00,1712710800000,69138.81,69138.81,69077.27,69077.28,11.80876
2024-04-10 09:01:00,1712710860000,69077.27,69091.34,69043.2,69043.2,14.17112
2024-04-10 09:02:00,1712710920000,69043.2,69043.21,68985.43,68985.43,20.92061
2024-04-10 09:03:00,1712710980000,68985.44,69043.25,68975.67,69028.0,12.60791
2024-04-10 09:04:00,1712711040000,69028.0,69028.0,68958.45,68969.39,10.00241
2024-04-10 09:05:00,1712711100000,68969.39,68982.2,68886.29,68887.49,46.14374
2024-04-10 09:06:00,1712711160000,68887.49,68902.8,68815.53,68851.99,32.19583
2024-04-10 09:07:00,1712711220000,68852.0,68855.99,68770.0,68770.01,57.71067
2024-04-10 09:08:00,1712711280000,68770.01,68881.26,68770.0,68840.55,36.6386
2024-04-10 09:09:00,1712711340000,68840.54,68868.0,68820.0,68840.71,19.98944
2024-04-10 09:10:00,1712711400000,68840.7,68908.56,68840.7,68883.98,22.23209
2024-04-10 09:11:00,1712711460000,68883.98,68883.99,68859.24,68859.24,7.9462
2024-04-10 09:12:00,1712711520000,68859.24,68894.8,68857.99,68879.48,13.55554
2024-04-10 09:13:00,1712711580000,68879.48,68892.0,68850.83,68892.0,8.07409
2024-04-10 09:14:00,1712711640000,68891.99,68897.45,68860.73,68871.99,8.88979
2024-04-10 09:15:00,1712711700000,68871.99,68872.0,68789.98,68791.98,10.45679
2024-04-10 09:16:00,1712711760000,68791.98,68844.02,68785.6,68799.99,16.9508
2024-04-10 09:17:00,1712711820000,68800.0,68828.0,68730.29,68747.04,28.77885
2024-04-10 09:18:00,1712711880000,68747.04,68752.0,68671.62,68744.81,43.22861
2024-04-10 09:19:00,1712711940000,68744.82,68821.28,68740.24,68788.49,14.22012
2024-04-10 09:20:00,1712712000000,68788.49,68795.99,68751.1,68770.68,10.32061
2024-04-10 09:21:00,1712712060000,68770.67,68776.0,68730.15,68755.07,18.68204
2024-04-10 09:22:00,1712712120000,68755.08,68755.08,68666.42,68690.97,19.54448
2024-04-10 09:23:00,1712712180000,68690.96,68705.41,68683.01,68705.4,12.4005
2024-04-10 09:24:00,1712712240000,68705.41,68705.41,68625.85,68701.29,32.88666
2024-04-10 09:25:00,1712712300000,68701.3,68701.3,68604.05,68639.99,41.44798
2024-04-10 09:26:00,1712712360000,68640.0,68747.58,68603.92,68736.0,57.5183
2024-04-10 09:27:00,1712712420000,68736.01,68792.0,68725.22,68784.0,17.40035
2024-04-10 09:28:00,1712712480000,68784.0,68849.52,68776.0,68849.52,33.37242
2024-04-10 09:29:00,1712712540000,68849.51,68905.73,68849.51,68860.74,14.95316
2024-04-10 09:30:00,1712712600000,68860.73,68932.0,68856.01,68919.22,15.78008
2024-04-10 09:31:00,1712712660000,68919.22,68935.55,68895.83,68923.73,11.63436
2024-04-10 09:32:00,1712712720000,68923.72,68948.29,68888.4,68888.4,16.56387
2024-04-10 09:33:00,1712712780000,68888.4,68916.53,68861.34,68906.67,21.57609
2024-04-10 09:34:00,1712712840000,68906.66,68930.0,68896.0,68900.13,6.9713
2024-04-10 09:35:00,1712712900000,68900.12,68966.57,68900.12,68961.54,11.46248
2024-04-10 09:36:00,1712712960000,68961.54,68961.54,68917.47,68920.0,14.8736
2024-04-10 09:37:00,1712713020000,68920.01,68941.9,68900.12,68936.0,11.58511
2024-04-10 09:38:00,1712713080000,68935.99,68936.0,68831.16,68833.75,16.91696
2024-04-10 09:39:00,1712713140000,68833.74,68833.75,68728.57,68734.32,36.43602
2024-04-10 09:40:00,1712713200000,68734.33,68748.0,68664.03,68680.11,26.72352
2024-04-10 09:41:00,1712713260000,68680.1,68732.94,68669.36,68729.47,18.40389
2024-04-10 09:42:00,1712713320000,68729.48,68772.87,68716.01,68772.87,22.2641
2024-04-10 09:43:00,1712713380000,68772.87,68786.31,68741.23,68743.98,5.56135
2024-04-10 09:44:00,1712713440000,68743.98,68834.48,68743.97,68832.01,14.05258
2024-04-10 09:45:00,1712713500000,68832.0,68832.01,68735.94,68751.98,16.16265
2024-04-10 09:46:00,1712713560000,68751.97,68819.63,68736.0,68819.63,56.93979
2024-04-10 09:47:00,1712713620000,68819.62,68909.2,68819.62,68905.49,17.87031
2024-04-10 09:48:00,1712713680000,68905.49,68920.0,68868.0,68868.01,11.01955
2024-04-10 09:49:00,1712713740000,68868.01,68874.64,68835.02,68870.78,16.48449
2024-04-10 09:50:00,1712713800000,68870.77,68911.99,68870.77,68911.96,10.97883
2024-04-10 09:51:00,1712713860000,68911.96,68951.46,68909.77,68951.46,10.4268
2024-04-10 09:52:00,1712713920000,68951.45,68973.17,68938.14,68973.16,9.17025
2024-04-10 09:53:00,1712713980000,68973.16,69097.14,68973.16,69068.0,25.73384
2024-04-10 09:54:00,1712714040000,69068.01,69070.7,69040.01,69064.01,19.74734
2024-04-10 09:55:00,1712714100000,69064.0,69195.93,69064.0,69195.92,51.16184
2024-04-10 09:56:00,1712714160000,69195.93,69195.93,69140.63,69177.54,22.44105
2024-04-10 09:57:00,1712714220000,69177.53,69219.89,69177.53,69219.78,24.14349
2024-04-10 09:58:00,1712714280000,69219.78,69258.99,69200.0,69200.01,14.54204
2024-04-10 09:59:00,1712714340000,69200.01,69269.76,69155.33,69269.75,22.69182
2024-04-10 10:00:00,1712714400000,69269.75,69300.0,69240.0,69296.03,41.01131
2024-04-10 10:01:00,1712714460000,69296.02,69391.75,69296.02,69371.92,40.12523
2024-04-10 10:02:00,1712714520000,69371.92,69574.0,69369.99,69500.01,98.71401
2024-04-10 10:03:00,1712714580000,69500.01,69593.97,69500.0,69580.0,30.57634
2024-04-10 10:04:00,1712714640000,69580.0,69594.15,69470.93,69500.0,34.2385
2024-04-10 10:05:00,1712714700000,69499.99,69522.18,69396.24,69419.6,20.27996
2024-04-10 10:06:00,1712714760000,69419.6,69482.44,69415.58,69415.58,26.11211
2024-04-10 10:07:00,1712714820000,69415.58,69415.59,69330.04,69364.74,25.42432
2024-04-10 10:08:00,1712714880000,69364.74,69390.0,69330.0,69390.0,18.12221
2024-04-10 10:09:00,1712714940000,69390.0,69460.0,69381.1,69414.86,14.25971
2024-04-10 10:10:00,1712715000000,69414.86,69430.8,69370.0,69370.0,19.41901
2024-04-10 10:11:00,1712715060000,69370.01,69381.1,69370.0,69372.0,11.35018
2024-04-10 10:12:00,1712715120000,69372.01,69381.1,69372.0,69381.1,5.98619
2024-04-10 10:13:00,1712715180000,69381.1,69420.54,69343.75,69363.99,17.68563
2024-04-10 10:14:00,1712715240000,69363.99,69400.0,69353.18,69363.74,10.39787
2024-04-10 10:15:00,1712715300000,69363.74,69387.99,69286.84,69286.84,52.83033
2024-04-10 10:16:00,1712715360000,69286.84,69308.0,69226.17,69235.99,61.70372
2024-04-10 10:17:00,1712715420000,69235.99,69236.0,69152.5,69172.0,34.79574
2024-04-10 10:18:00,1712715480000,69172.0,69176.0,69096.0,69114.08,22.49563
2024-04-10 10:19:00,1712715540000,69114.07,69117.2,69043.2,69043.21,23.97793
2024-04-10 10:20:00,1712715600000,69043.21,69133.2,68999.99,69113.11,41.60025
2024-04-10 10:21:00,1712715660000,69113.1,69128.4,69096.01,69106.9,15.99373
2024-04-10 10:22:00,1712715720000,69106.91,69172.74,69080.0,69172.73,14.44991
2024-04-10 10:23:00,1712715780000,69172.74,69177.17,69121.35,69121.35,11.35586
2024-04-10 10:24:00,1712715840000,69121.35,69177.17,69121.35,69144.0,17.48945
2024-04-10 10:25:00,1712715900000,69144.01,69219.91,69144.0,69179.01,44.1403
2024-04-10 10:26:00,1712715960000,69179.01,69207.05,69150.0,69160.0,33.52776
2024-04-10 10:27:00,1712716020000,69160.01,69160.01,69080.79,69080.8,22.73961
2024-04-10 10:28:00,1712716080000,69080.8,69080.8,69013.2,69035.99,15.83033
2024-04-10 10:29:00,1712716140000,69036.0,69075.9,69035.99,69068.01,20.14759
2024-04-10 10:30:00,1712716200000,69068.0,69075.9,69029.2,69029.2,11.21309
2024-04-10 10:31:00,1712716260000,69029.2,69051.39,68990.47,69004.0,16.23148
2024-04-10 10:32:00,1712716320000,69003.99,69011.7,68961.53,68961.53,18.80649
2024-04-10 10:33:00,1712716380000,68961.53,68984.0,68937.13,68969.31,18.51272
2024-04-10 10:34:00,1712716440000,68969.3,69009.24,68962.01,69004.01,9.77807
2024-04-10 10:35:00,1712716500000,69004.0,69048.0,69004.0,69009.46,22.79145
2024-04-10 10:36:00,1712716560000,69009.46,69060.0,69000.0,69056.01,5.03936
2024-04-10 10:37:00,1712716620000,69056.01,69056.01,69033.88,69044.02,8.75767
2024-04-10 10:38:00,1712716680000,69044.01,69044.02,68976.01,68977.3,21.41193
2024-04-10 10:39:00,1712716740000,68977.31,69070.0,68977.3,69056.31,13.33225
2024-04-10 10:40:00,1712716800000,69056.31,69056.32,68980.0,68980.0,8.41584
2024-04-10 10:41:00,1712716860000,68980.01,68980.01,68876.41,68892.0,23.76541
2024-04-10 10:42:00,1712716920000,68892.0,68892.0,68870.77,68870.78,17.28636
2024-04-10 10:43:00,1712716980000,68870.78,68879.01,68800.0,68825.85,26.69762
2024-04-10 10:44:00,1712717040000,68825.86,68825.86,68733.13,68748.02,45.17477
2024-04-10 10:45:00,1712717100000,68748.01,68766.36,68662.28,68690.45,48.87857
2024-04-10 10:46:00,1712717160000,68690.57,68705.0,68611.65,68704.99,55.63318
2024-04-10 10:47:00,1712717220000,68704.99,68830.0,68684.04,68792.0,31.95785
2024-04-10 10:48:00,1712717280000,68791.99,68839.47,68772.97,68804.5,25.24174
2024-04-10 10:49:00,1712717340000,68804.5,68857.14,68804.5,68844.01,16.30478
2024-04-10 10:50:00,1712717400000,68844.01,68844.01,68781.56,68785.8,13.78784
2024-04-10 10:51:00,1712717460000,68785.79,68840.0,68752.88,68752.89,16.75783
2024-04-10 10:52:00,1712717520000,68752.88,68752.89,68638.41,68638.42,24.2512
2024-04-10 10:53:00,1712717580000,68638.41,68656.0,68536.47,68555.99,68.38013
2024-04-10 10:54:00,1712717640000,68555.99,68590.9,68500.0,68500.01,56.29912
2024-04-10 10:55:00,1712717700000,68500.0,68611.66,68466.63,68611.65,80.33122
2024-04-10 10:56:00,1712717760000,68611.65,68659.43,68575.99,68632.25,25.07488
2024-04-10 10:57:00,1712717820000,68632.25,68721.66,68604.05,68721.65,22.54173
2024-04-10 10:58:00,1712717880000,68721.65,68726.31,68687.24,68704.0,22.24395
2024-04-10 10:59:00,1712717940000,68704.01,68704.01,68645.74,68651.98,14.37368
2024-04-10 11:00:00,1712718000000,68651.98,68699.01,68625.61,68686.79,17.60942
2024-04-10 11:01:00,1712718060000,68686.8,68731.96,68674.56,68697.12,24.78274
2024-04-10 11:02:00,1712718120000,68697.12,68740.98,68676.47,68688.24,19.80215
2024-04-10 11:03:00,1712718180000,68688.23,68796.48,68688.23,68791.98,64.32577
2024-04-10 11:04:00,1712718240000,68791.99,68833.6,68790.0,68792.99,20.3589
2024-04-10 11:05:00,1712718300000,68792.99,68805.72,68720.0,68720.0,21.80214
2024-04-10 11:06:00,1712718360000,68720.01,68732.0,68664.96,68669.28,19.09807
2024-04-10 11:07:00,1712718420000,68669.28,68760.41,68660.0,68760.4,24.83624
2024-04-10 11:08:00,1712718480000,68760.4,68776.42,68685.35,68720.4,17.75095
2024-04-10 11:09:00,1712718540000,68720.4,68750.8,68716.24,68719.19,5.87311
2024-04-10 11:10:00,1712718600000,68719.19,68772.98,68710.16,68772.0,9.90876
2024-04-10 11:11:00,1712718660000,68771.99,68777.33,68752.9,68756.96,11.39613
2024-04-10 11:12:00,1712718720000,68756.95,68769.85,68688.0,68688.0,13.09595
2024-04-10 11:13:00,1712718780000,68688.01,68747.58,68663.68,68747.57,12.90541
2024-04-10 11:14:00,1712718840000,68747.57,68808.0,68747.57,68807.99,8.54791
2024-04-10 11:15:00,1712718900000,68807.99,68849.52,68807.99,68821.47,10.92247
2024-04-10 11:16:00,1712718960000,68821.47,68835.65,68816.96,68816.97,20.40909
2024-04-10 11:17:00,1712719020000,68816.96,68853.66,68816.96,68853.65,9.14728
2024-04-10 11:18:00,1712719080000,68853.65,68883.5,68839.5,68866.0,18.80779
2024-04-10 11:19:00,1712719140000,68865.99,69019.42,68865.99,68975.67,43.03265
2024-04-10 11:20:00,1712719200000,68975.67,69006.82,68913.11,68932.7,16.25426
2024-04-10 11:21:00,1712719260000,68932.69,68932.7,68878.73,68883.8,21.79656
2024-04-10 11:22:00,1712719320000,68883.79,68887.6,68847.24,68860.02,7.9328
2024-04-10 11:23:00,1712719380000,68860.02,68860.02,68821.39,68828.0,12.25036
2024-04-10 11:24:00,1712719440000,68828.0,68828.0,68753.73,68771.73,16.87779
2024-04-10 11:25:00,1712719500000,68771.72,68917.48,68771.72,68912.01,30.8703
2024-04-10 11:26:00,1712719560000,68912.01,68917.48,68860.0,68860.01,15.85506
2024-04-10 11:27:00,1712719620000,68860.01,68880.0,68825.78,68825.78,18.31924
2024-04-10 11:28:00,1712719680000,68825.78,68896.11,68825.78,68896.11,10.89899
2024-04-10 11:29:00,1712719740000,68896.11,68912.0,68880.0,68880.0,3.7322
2024-04-10 11:30:00,1712719800000,68880.01,68911.6,68880.0,68907.6,6.55852
2024-04-10 11:31:00,1712719860000,68907.6,68928.86,68901.66,68925.09,14.25073
2024-04-10 11:32:00,1712719920000,68925.1,68934.93,68898.22,68898.22,8.86717
2024-04-10 11:33:00,1712719980000,68898.23,68935.27,68896.14,68935.27,4.77739
2024-04-10 11:34:00,1712720040000,68935.27,68966.66,68935.27,68966.64,7.01726
2024-04-10 11:35:00,1712720100000,68966.65,69036.75,68960.0,69022.44,14.63936
2024-04-10 11:36:00,1712720160000,69022.45,69036.75,68954.49,68956.01,10.81763
2024-04-10 11:37:00,1712720220000,68956.01,69000.0,68951.45,68999.99,8.70329
2024-04-10 11:38:00,1712720280000,69000.0,69000.0,68984.0,68999.99,9.9559
2024-04-10 11:39:00,1712720340000,69000.0,69039.65,68993.09,68993.09,11.99139
2024-04-10 11:40:00,1712720400000,68993.09,69000.0,68978.16,68979.99,7.37433
2024-04-10 11:41:00,1712720460000,68980.0,69028.0,68979.99,69028.0,23.69482
2024-04-10 11:42:00,1712720520000,69028.0,69060.0,68992.01,68992.63,25.36695
2024-04-10 11:43:00,1712720580000,68992.63,68996.0,68990.01,68990.02,10.08184
2024-04-10 11:44:00,1712720640000,68990.02,68990.02,68955.51,68963.01,12.31291
2024-04-10 11:45:00,1712720700000,68963.0,68980.0,68917.47,68934.88,16.84282
2024-04-10 11:46:00,1712720760000,68934.87,68977.09,68928.18,68977.08,5.4751
2024-04-10 11:47:00,1712720820000,68977.08,69053.4,68977.08,69048.0,15.89533
2024-04-10 11:48:00,1712720880000,69048.0,69115.86,69040.0,69064.41,23.4641
2024-04-10 11:49:00,1712720940000,69064.4,69110.82,69043.2,69052.0,20.69234
2024-04-10 11:50:00,1712721000000,69051.99,69053.14,69027.99,69027.99,4.14633
2024-04-10 11:51:00,1712721060000,69027.99,69148.18,69012.0,69132.0,25.99718
2024-04-10 11:52:00,1712721120000,69132.0,69147.83,69092.03,69103.99,8.85027
2024-04-10 11:53:00,1712721180000,69104.0,69114.86,69087.37,69111.01,9.93396
2024-04-10 11:54:00,1712721240000,69111.0,69121.36,69111.0,69112.01,6.02276
2024-04-10 11:55:00,1712721300000,69112.01,69130.0,69108.0,69130.0,2.40707
2024-04-10 11:56:00,1712721360000,69129.99,69144.0,69114.18,69130.0,22.47599
2024-04-10 11:57:00,1712721420000,69129.99,69178.43,69121.17,69166.56,13.39072
2024-04-10 11:58:00,1712721480000,69166.56,69180.0,69150.92,69179.99,4.67122
2024-04-10 11:59:00,1712721540000,69180.0,69180.0,69150.18,69150.18,7.72091
2024-04-10 12:00:00,1712721600000,69150.18,69160.0,69093.44,69093.44,13.18727
2024-04-10 12:01:00,1712721660000,69093.44,69100.79,69070.43,69100.78,10.15991
2024-04-10 12:02:00,1712721720000,69100.79,69100.79,69056.0,69061.78,17.54468
2024-04-10 12:03:00,1712721780000,69061.78,69071.33,69056.0,69056.0,3.85327
2024-04-10 12:04:00,1712721840000,69056.01,69062.91,69043.24,69043.25,12.84548
2024-04-10 12:05:00,1712721900000,69043.24,69084.16,69043.2,69069.97,7.64049
2024-04-10 12:06:00,1712721960000,69069.97,69069.98,69010.74,69010.75,25.79851
2024-04-10 12:07:00,1712722020000,69010.74,69077.17,69005.55,69077.17,10.10651
2024-04-10 12:08:00,1712722080000,69077.16,69199.98,69077.16,69185.42,36.78286
2024-04-10 12:09:00,1712722140000,69185.42,69199.99,69176.0,69180.01,19.21432
2024-04-10 12:10:00,1712722200000,69180.01,69180.01,69150.52,69172.0,5.54069
2024-04-10 12:11:00,1712722260000,69172.01,69172.01,69150.52,69150.53,9.47239
2024-04-10 12:12:00,1712722320000,69150.53,69171.22,69150.52,69171.21,5.02346
2024-04-10 12:13:00,1712722380000,69171.21,69177.39,69149.99,69149.99,12.24243
2024-04-10 12:14:00,1712722440000,69149.99,69150.0,69111.11,69123.98,16.29688
2024-04-10 12:15:00,1712722500000,69123.98,69123.99,69036.88,69062.03,24.00518
2024-04-10 12:16:00,1712722560000,69062.03,69098.41,69044.33,69052.0,12.3189
2024-04-10 12:17:00,1712722620000,69051.99,69083.03,69026.79,69047.99,14.54655
2024-04-10 12:18:00,1712722680000,69048.0,69095.17,69040.74,69095.16,10.52603
2024-04-10 12:19:00,1712722740000,69095.16,69104.45,69058.52,69064.4,15.09236
2024-04-10 12:20:00,1712722800000,69064.41,69079.43,69056.41,69072.0,7.68131
2024-04-10 12:21:00,1712722860000,69072.0,69072.0,69053.39,69069.3,23.99062
2024-04-10 12:22:00,1712722920000,69069.29,69121.36,69060.53,69078.91,25.29885
2024-04-10 12:23:00,1712722980000,69078.91,69120.0,69078.91,69091.99,7.68669
2024-04-10 12:24:00,1712723040000,69091.99,69111.83,69091.98,69111.82,6.26294
2024-04-10 12:25:00,1712723100000,69111.82,69125.33,69111.82,69124.46,9.53913
2024-04-10 12:26:00,1712723160000,69124.46,69176.38,69124.46,69176.38,6.16092
2024-04-10 12:27:00,1712723220000,69176.38,69182.64,69121.99,69121.99,17.66614
2024-04-10 12:28:00,1712723280000,69121.99,69122.0,69098.89,69098.89,11.94972
2024-04-10 12:29:00,1712723340000,69098.9,69108.71,69098.89,69100.01,10.79461
2024-04-10 12:30:00,1712723400000,69100.0,69100.01,69081.22,69081.22,2.67854
2024-04-10 12:31:00,1712723460000,69081.23,69104.0,69081.22,69084.0,8.5448
2024-04-10 12:32:00,1712723520000,69084.01,69091.76,69065.16,69065.17,5.90213
2024-04-10 12:33:00,1712723580000,69065.16,69070.01,69060.0,69060.01,5.41319
2024-04-10 12:34:00,1712723640000,69060.01,69060.01,69050.53,69050.54,5.44619
2024-04-10 12:35:00,1712723700000,69050.53,69050.54,69028.13,69028.13,8.56535
2024-04-10 12:36:00,1712723760000,69028.13,69103.8,69028.13,69100.0,19.32166
2024-04-10 12:37:00,1712723820000,69100.0,69100.01,69064.0,69064.0,7.0679
2024-04-10 12:38:00,1712723880000,69064.0,69076.01,69050.0,69076.0,5.54897
2024-04-10 12:39:00,1712723940000,69076.0,69076.01,69058.0,69058.01,5.70195
2024-04-10 12:40:00,1712724000000,69058.01,69081.39,69058.0,69063.23,5.30655
2024-04-10 12:41:00,1712724060000,69063.23,69075.72,69063.23,69075.72,5.21117
2024-04-10 12:42:00,1712724120000,69075.71,69077.71,69075.71,69077.7,2.15713
2024-04-10 12:43:00,1712724180000,69077.7,69098.0,69075.72,69075.73,11.87993
2024-04-10 12:44:00,1712724240000,69075.73,69105.67,69075.72,69098.7,5.63301
2024-04-10 12:45:00,1712724300000,69098.7,69102.2,69085.74,69085.74,3.77039
2024-04-10 12:46:00,1712724360000,69085.74,69097.37,69085.74,69086.61,3.30089
2024-04-10 12:47:00,1712724420000,69086.61,69108.72,69074.65,69092.6,6.06824
2024-04-10 12:48:00,1712724480000,69092.61,69131.69,69085.2,69104.01,20.24476
2024-04-10 12:49:00,1712724540000,69104.0,69114.0,69104.0,69104.02,13.29155
2024-04-10 12:50:00,1712724600000,69104.01,69107.61,69097.1,69097.1,7.70716
2024-04-10 12:51:00,1712724660000,69097.1,69107.61,69097.1,69107.6,2.13087
2024-04-10 12:52:00,1712724720000,69107.6,69107.61,69093.07,69098.0,4.52166
2024-04-10 12:53:00,1712724780000,69098.0,69098.01,69064.68,69064.69,7.28958
2024-04-10 12:54:00,1712724840000,69064.69,69100.0,69064.68,69098.33,11.29019
2024-04-10 12:55:00,1712724900000,69098.34,69144.41,69098.33,69132.61,12.87299
2024-04-10 12:56:00,1712724960000,69132.61,69144.4,69132.6,69143.33,15.22054
2024-04-10 12:57:00,1712725020000,69143.32,69160.0,69139.0,69159.99,12.54033
2024-04-10 12:58:00,1712725080000,69159.99,69166.79,69151.43,69160.01,19.58329
2024-04-10 12:59:00,1712725140000,69160.01,69164.6,69134.33,69134.33,10.6206
2024-04-10 13:00:00,1712725200000,69134.34,69235.14,69121.35,69228.0,56.85349
2024-04-10 13:01:00,1712725260000,69228.0,69260.0,69210.5,69212.0,34.62111
2024-04-10 13:02:00,1712725320000,69212.0,69223.32,69212.0,69220.0,8.61448
2024-04-10 13:03:00,1712725380000,69220.0,69236.0,69213.07,69219.99,6.13707
2024-04-10 13:04:00,1712725440000,69220.0,69224.0,69216.0,69224.0,8.26232
2024-04-10 13:05:00,1712725500000,69223.99,69224.0,69187.0,69187.01,8.74885
2024-04-10 13:06:00,1712725560000,69187.01,69200.0,69179.01,69199.99,5.40832
2024-04-10 13:07:00,1712725620000,69200.0,69216.42,69184.27,69184.28,7.65277
2024-04-10 13:08:00,1712725680000,69184.27,69199.0,69184.27,69196.0,2.35703
2024-04-10 13:09:00,1712725740000,69196.01,69200.0,69196.0,69200.0,2.02876
2024-04-10 13:10:00,1712725800000,69200.0,69240.0,69199.99,69239.99,11.4833
2024-04-10 13:11:00,1712725860000,69240.0,69252.6,69236.02,69252.59,6.00255
2024-04-10 13:12:00,1712725920000,69252.59,69276.87,69252.59,69276.8,16.47506
2024-04-10 13:13:00,1712725980000,69276.8,69294.99,69276.79,69288.06,20.14099
2024-04-10 13:14:00,1712726040000,69288.05,69288.07,69272.0,69272.0,15.8507
2024-04-10 13:15:00,1712726100000,69272.0,69350.09,69272.0,69350.08,94.18419
2024-04-10 13:16:00,1712726160000,69350.08,69359.23,69316.24,69349.44,34.872
2024-04-10 13:17:00,1712726220000,69349.44,69399.02,69349.43,69359.23,47.72275
2024-04-10 13:18:00,1712726280000,69359.22,69376.0,69357.7,69357.71,12.86597
2024-04-10 13:19:00,1712726340000,69357.7,69357.71,69294.88,69301.24,27.94783
2024-04-10 13:20:00,1712726400000,69301.24,69301.25,69280.0,69280.01,16.53673
2024-04-10 13:21:00,1712726460000,69280.0,69308.0,69229.37,69229.38,13.11592
2024-04-10 13:22:00,1712726520000,69229.38,69250.02,69229.37,69246.2,7.77997
2024-04-10 13:23:00,1712726580000,69246.19,69271.8,69246.19,69270.0,3.70564
2024-04-10 13:24:00,1712726640000,69270.01,69270.01,69244.0,69263.93,9.42597
2024-04-10 13:25:00,1712726700000,69263.93,69263.93,69233.04,69243.99,9.68584
2024-04-10 13:26:00,1712726760000,69244.0,69321.48,69243.99,69316.01,19.07549
2024-04-10 13:27:00,1712726820000,69316.0,69316.01,69304.42,69304.43,10.35198
2024-04-10 13:28:00,1712726880000,69304.42,69306.0,69299.06,69299.06,2.20505
2024-04-10 13:29:00,1712726940000,69299.07,69320.0,69299.06,69319.99,6.97603
2024-04-10 13:30:00,1712727000000,69320.0,69352.4,69305.99,69305.99,17.57209
2024-04-10 13:31:00,1712727060000,69306.0,69332.0,69299.06,69326.95,6.27931
2024-04-10 13:32:00,1712727120000,69326.95,69333.87,69312.04,69333.87,5.97392
2024-04-10 13:33:00,1712727180000,69333.86,69333.87,69320.01,69320.13,6.69385
2024-04-10 13:34:00,1712727240000,69320.13,69372.21,69320.12,69362.25,14.30057
2024-04-10 13:35:00,1712727300000,69362.24,69414.2,69346.79,69396.01,28.26631
2024-04-10 13:36:00,1712727360000,69396.0,69396.01,69332.59,69332.59,14.39658
2024-04-10 13:37:00,1712727420000,69332.59,69351.24,69306.23,69308.65,9.32055
2024-04-10 13:38:00,1712727480000,69308.66,69332.0,69308.65,69318.79,5.88317
2024-04-10 13:39:00,1712727540000,69318.78,69327.1,69312.11,69325.99,3.58864
2024-04-10 13:40:00,1712727600000,69325.99,69326.0,69280.01,69280.01,15.11917
2024-04-10 13:41:00,1712727660000,69280.02,69318.12,69270.23,69318.12,7.12117
2024-04-10 13:42:00,1712727720000,69318.11,69369.23,69318.11,69369.22,9.18402
2024-04-10 13:43:00,1712727780000,69369.22,69369.23,69336.04,69351.23,8.32817
2024-04-10 13:44:00,1712727840000,69351.23,69381.09,69351.22,69381.08,6.70153
2024-04-10 13:45:00,1712727900000,69381.09,69390.83,69336.08,69336.08,26.13259
2024-04-10 13:46:00,1712727960000,69336.09,69354.32,69295.85,69295.86,19.96422
2024-04-10 13:47:00,1712728020000,69295.85,69325.25,69274.0,69325.25,24.58084
2024-04-10 13:48:00,1712728080000,69325.24,69340.0,69322.44,69338.81,10.46132
2024-04-10 13:49:00,1712728140000,69338.82,69383.06,69338.81,69383.06,9.90112
2024-04-10 13:50:00,1712728200000,69383.05,69389.93,69364.81,69364.81,10.32963
2024-04-10 13:51:00,1712728260000,69364.82,69381.93,69356.17,69356.18,6.55481
2024-04-10 13:52:00,1712728320000,69356.18,69356.18,69334.12,69351.22,3.90249
2024-04-10 13:53:00,1712728380000,69351.23,69358.42,69344.28,69356.64,3.00944
2024-04-10 13:54:00,1712728440000,69356.63,69356.64,69346.5,69346.5,2.97696
2024-04-10 13:55:00,1712728500000,69346.5,69346.51,69297.23,69299.0,14.24645
2024-04-10 13:56:00,1712728560000,69299.0,69299.01,69245.49,69253.6,12.08785
2024-04-10 13:57:00,1712728620000,69253.61,69253.61,69246.67,69253.61,7.86274
2024-04-10 13:58:00,1712728680000,69253.61,69268.0,69244.9,69257.22,11.39865
2024-04-10 13:59:00,1712728740000,69257.22,69257.22,69240.0,69255.82,11.22159
2024-04-10 14:00:00,1712728800000,69255.82,69286.43,69255.81,69265.73,8.96938
2024-04-10 14:01:00,1712728860000,69265.73,69265.74,69261.88,69261.88,5.58493
2024-04-10 14:02:00,1712728920000,69261.89,69286.43,69261.88,69274.02,7.5403
2024-04-10 14:03:00,1712728980000,69274.02,69274.03,69274.02,69274.03,1.55723
2024-04-10 14:04:00,1712729040000,69274.03,69284.0,69274.02,69274.02,5.1928
2024-04-10 14:05:00,1712729100000,69274.02,69296.0,69274.02,69295.99,3.76358
2024-04-10 14:06:00,1712729160000,69295.99,69300.0,69295.99,69300.0,5.42483
2024-04-10 14:07:00,1712729220000,69299.99,69313.52,69295.99,69313.51,9.91561
2024-04-10 14:08:00,1712729280000,69313.51,69325.25,69313.51,69313.51,6.6186
2024-04-10 14:09:00,1712729340000,69313.51,69314.99,69296.0,69296.0,10.90481
2024-04-10 14:10:00,1712729400000,69296.0,69346.51,69293.79,69293.79,14.73756
2024-04-10 14:11:00,1712729460000,69293.8,69299.99,69291.26,69291.26,5.31478
2024-04-10 14:12:00,1712729520000,69291.26,69291.27,69238.16,69238.17,10.7239
2024-04-10 14:13:00,1712729580000,69238.16,69238.17,69227.62,69236.3,5.98473
2024-04-10 14:14:00,1712729640000,69236.29,69236.3,69236.29,69236.3,2.35199
2024-04-10 14:15:00,1712729700000,69236.3,69271.79,69233.59,69264.85,8.63725
2024-04-10 14:16:00,1712729760000,69264.84,69267.75,69264.84,69267.74,2.17722
2024-04-10 14:17:00,1712729820000,69267.75,69267.75,69267.74,69267.74,0.96532
2024-04-10 14:18:00,1712729880000,69267.75,69299.93,69267.74,69299.92,4.45018
2024-04-10 14:19:00,1712729940000,69299.93,69299.93,69288.92,69288.93,15.48636
2024-04-10 14:20:00,1712730000000,69288.92,69320.0,69288.92,69319.99,5.73383
2024-04-10 14:21:00,1712730060000,69319.99,69321.97,69319.99,69321.96,12.2043
2024-04-10 14:22:00,1712730120000,69321.96,69346.51,69321.96,69346.51,10.16177
2024-04-10 14:23:00,1712730180000,69346.51,69387.99,69346.5,69373.07,13.88345
2024-04-10 14:24:00,1712730240000,69373.06,69386.79,69373.06,69384.65,5.63946
2024-04-10 14:25:00,1712730300000,69384.65,69424.21,69374.2,69374.2,21.82316
2024-04-10 14:26:00,1712730360000,69374.21,69427.19,69360.0,69427.19,9.97454
2024-04-10 14:27:00,1712730420000,69427.18,69474.0,69421.47,69473.99,34.41842
2024-04-10 14:28:00,1712730480000,69473.99,69474.0,69428.0,69436.04,15.69972
2024-04-10 14:29:00,1712730540000,69436.03,69457.43,69434.15,69457.42,6.50787
2024-04-10 14:30:00,1712730600000,69457.42,69458.99,69438.13,69438.54,9.55599
2024-04-10 14:31:00,1712730660000,69438.54,69438.54,69406.14,69406.14,8.50418
2024-04-10 14:32:00,1712730720000,69406.14,69411.11,69387.63,69387.63,11.53936
2024-04-10 14:33:00,1712730780000,69387.64,69387.64,69350.0,69358.93,13.6144
2024-04-10 14:34:00,1712730840000,69358.93,69387.64,69338.12,69387.64,9.84231
2024-04-10 14:35:00,1712730900000,69387.64,69403.84,69360.24,69374.09,9.86978
2024-04-10 14:36:00,1712730960000,69374.09,69393.53,69374.09,69392.0,3.14498
2024-04-10 14:37:00,1712731020000,69392.01,69447.99,69392.0,69442.13,15.09423
2024-04-10 14:38:00,1712731080000,69442.14,69443.58,69434.11,69434.12,4.74263
2024-04-10 14:39:00,1712731140000,69434.12,69443.01,69434.11,69443.01,4.54282
2024-04-10 14:40:00,1712731200000,69443.01,69461.16,69443.0,69445.71,12.15824
2024-04-10 14:41:00,1712731260000,69445.72,69448.56,69375.99,69375.99,23.82768
2024-04-10 14:42:00,1712731320000,69375.99,69400.0,69372.83,69389.21,7.81148
2024-04-10 14:43:00,1712731380000,69389.21,69414.87,69389.2,69414.87,3.75798
2024-04-10 14:44:00,1712731440000,69414.87,69479.8,69414.86,69476.1,14.72837
2024-04-10 14:45:00,1712731500000,69476.09,69476.1,69428.0,69428.01,9.76622
2024-04-10 14:46:00,1712731560000,69428.01,69437.27,69427.18,69427.18,5.07376
2024-04-10 14:47:00,1712731620000,69427.19,69448.83,69427.18,69448.82,6.74707
2024-04-10 14:48:00,1712731680000,69448.82,69448.83,69427.18,69427.18,8.14273
2024-04-10 14:49:00,1712731740000,69427.19,69428.01,69420.0,69420.01,8.36401
2024-04-10 14:50:00,1712731800000,69420.01,69420.01,69404.33,69411.47,10.38854
2024-04-10 14:51:00,1712731860000,69411.46,69414.86,69406.72,69406.73,7.33152
2024-04-10 14:52:00,1712731920000,69406.72,69406.73,69406.72,69406.73,2.09363
2024-04-10 14:53:00,1712731980000,69406.72,69406.73,69404.34,69404.35,3.84012
2024-04-10 14:54:00,1712732040000,69404.35,69404.35,69393.2,69399.35,8.73158
2024-04-10 14:55:00,1712732100000,69399.35,69410.72,69393.2,69395.34,9.60338
2024-04-10 14:56:00,1712732160000,69395.35,69395.35,69371.03,69371.03,17.53565
2024-04-10 14:57:00,1712732220000,69371.03,69374.63,69356.5,69374.63,15.88139
2024-04-10 14:58:00,1712732280000,69374.62,69380.0,69372.01,69380.0,3.59277
2024-04-10 14:59:00,1712732340000,69380.0,69380.0,69369.24,69369.25,5.84769
2024-04-10 15:00:00,1712732400000,69369.25,69401.63,69369.24,69401.62,8.77992
2024-04-10 15:01:00,1712732460000,69401.62,69414.86,69392.04,69414.86,8.03363
2024-04-10 15:02:00,1712732520000,69414.86,69422.45,69414.85,69422.44,6.09189
2024-04-10 15:03:00,1712732580000,69422.45,69428.01,69422.44,69428.01,4.14824
2024-04-10 15:04:00,1712732640000,69428.0,69438.19,69428.0,69431.24,7.91796
2024-04-10 15:05:00,1712732700000,69431.25,69442.64,69424.18,69431.99,29.90146
2024-04-10 15:06:00,1712732760000,69431.99,69446.33,69417.29,69417.29,7.8364
2024-04-10 15:07:00,1712732820000,69417.3,69434.03,69417.29,69434.02,5.01582
2024-04-10 15:08:00,1712732880000,69434.03,69442.0,69431.43,69431.44,10.76899
2024-04-10 15:09:00,1712732940000,69431.43,69431.44,69415.29,69425.03,12.63469
2024-04-10 15:10:00,1712733000000,69425.02,69447.8,69425.02,69447.8,7.38478
2024-04-10 15:11:00,1712733060000,69447.8,69447.8,69447.79,69447.8,3.05306
2024-04-10 15:12:00,1712733120000,69447.79,69447.8,69432.41,69432.42,7.40898
2024-04-10 15:13:00,1712733180000,69432.42,69447.35,69420.61,69420.62,5.68766
2024-04-10 15:14:00,1712733240000,69420.62,69461.17,69420.61,69461.17,9.51205
2024-04-10 15:15:00,1712733300000,69461.17,69475.24,69461.16,69469.13,6.21014
2024-04-10 15:16:00,1712733360000,69469.14,69500.0,69469.13,69500.0,12.15478
2024-04-10 15:17:00,1712733420000,69500.0,69515.0,69499.99,69508.01,11.03696
2024-04-10 15:18:00,1712733480000,69508.01,69508.01,69470.8,69479.78,14.95898
2024-04-10 15:19:00,1712733540000,69479.79,69479.79,69442.03,69442.04,20.90085
2024-04-10 15:20:00,1712733600000,69442.04,69450.61,69442.03,69450.6,5.76975
2024-04-10 15:21:00,1712733660000,69450.61,69451.66,69401.63,69401.63,12.933
2024-04-10 15:22:00,1712733720000,69401.64,69430.8,69401.63,69430.8,8.25287
2024-04-10 15:23:00,1712733780000,69430.79,69430.8,69400.88,69400.89,6.14699
2024-04-10 15:24:00,1712733840000,69400.89,69400.89,69371.6,69379.01,14.58608
2024-04-10 15:25:00,1712733900000,69379.01,69379.01,69310.34,69319.97,20.7489
2024-04-10 15:26:00,1712733960000,69319.96,69345.4,69319.96,69340.0,8.09687
2024-04-10 15:27:00,1712734020000,69339.99,69340.0,69329.06,69332.01,4.49813
2024-04-10 15:28:00,1712734080000,69332.0,69332.01,69325.07,69325.08,5.45595
2024-04-10 15:29:00,1712734140000,69325.08,69359.24,69325.07,69359.23,4.59612
2024-04-10 15:30:00,1712734200000,69359.24,69393.21,69359.23,69393.2,4.99785
2024-04-10 15:31:00,1712734260000,69393.21,69393.21,69386.26,69386.27,4.74393
2024-04-10 15:32:00,1712734320000,69386.26,69400.0,69376.0,69400.0,9.68315
2024-04-10 15:33:00,1712734380000,69399.99,69414.87,69370.0,69370.01,7.33946
2024-04-10 15:34:00,1712734440000,69370.01,69398.55,69370.0,69397.35,12.97757
2024-04-10 15:35:00,1712734500000,69397.35,69436.01,69386.33,69436.0,7.20315
2024-04-10 15:36:00,1712734560000,69436.01,69440.0,69436.0,69440.0,3.26631
2024-04-10 15:37:00,1712734620000,69439.99,69440.0,69409.14,69409.15,6.64842
2024-04-10 15:38:00,1712734680000,69409.14,69433.15,69400.01,69429.28,4.97521
2024-04-10 15:39:00,1712734740000,69429.28,69433.15,69429.28,69433.14,2.58543
2024-04-10 15:40:00,1712734800000,69433.15,69433.15,69401.1,69401.1,6.75471
2024-04-10 15:41:00,1712734860000,69401.1,69426.04,69401.1,69426.03,3.44004
2024-04-10 15:42:00,1712734920000,69426.03,69431.83,69400.0,69400.0,5.43585
2024-04-10 15:43:00,1712734980000,69400.0,69414.42,69400.0,69414.42,3.62244
2024-04-10 15:44:00,1712735040000,69414.42,69421.43,69414.41,69421.42,5.21863
2024-04-10 15:45:00,1712735100000,69421.42,69431.94,69411.46,69412.69,10.7701
2024-04-10 15:46:00,1712735160000,69412.69,69431.94,69400.0,69431.92,7.80544
2024-04-10 15:47:00,1712735220000,69431.93,69448.65,69424.98,69430.3,17.64423
2024-04-10 15:48:00,1712735280000,69430.29,69430.3,69268.47,69285.73,41.06144
2024-04-10 15:49:00,1712735340000,69285.73,69347.3,69285.73,69347.29,14.66901
2024-04-10 15:50:00,1712735400000,69347.29,69354.92,69347.29,69354.91,3.20929
2024-04-10 15:51:00,1712735460000,69354.92,69406.01,69354.91,69406.01,12.03681
2024-04-10 15:52:00,1712735520000,69406.0,69438.78,69406.0,69438.77,6.25144
2024-04-10 15:53:00,1712735580000,69438.78,69438.78,69412.01,69412.02,11.32525
2024-04-10 15:54:00,1712735640000,69412.02,69412.02,69396.0,69396.0,6.60683
2024-04-10 15:55:00,1712735700000,69396.0,69396.01,69371.93,69371.94,4.80236
2024-04-10 15:56:00,1712735760000,69371.94,69376.0,69350.15,69350.15,6.04643
2024-04-10 15:57:00,1712735820000,69350.16,69350.16,69292.67,69322.03,19.14625
2024-04-10 15:58:00,1712735880000,69322.02,69344.0,69322.02,69334.25,21.26793
2024-04-10 15:59:00,1712735940000,69334.26,69336.29,69334.25,69336.28,8.91478
2024-04-10 16:00:00,1712736000000,69336.27,69336.28,69287.77,69287.77,28.75552
2024-04-10 16:01:00,1712736060000,69287.78,69290.22,69260.15,69260.15,18.29604
2024-04-10 16:02:00,1712736120000,69260.16,69291.84,69221.23,69227.62,24.39988
2024-04-10 16:03:00,1712736180000,69227.61,69235.0,69000.71,69054.52,87.00812
2024-04-10 16:04:00,1712736240000,69054.52,69054.52,68861.66,68865.79,87.01191
2024-04-10 16:05:00,1712736300000,68865.79,68971.59,68800.0,68874.24,65.09373
2024-04-10 16:06:00,1712736360000,68874.25,68907.33,68839.5,68859.99,29.74608
2024-04-10 16:07:00,1712736420000,68860.0,68901.14,68822.34,68899.89,35.53263
2024-04-10 16:08:00,1712736480000,68899.89,68975.01,68884.32,68968.0,26.8076
2024-04-10 16:09:00,1712736540000,68968.01,68991.23,68908.11,68908.12,28.26427
2024-04-10 16:10:00,1712736600000,68908.11,69019.42,68908.11,69019.42,69.91512
2024-04-10 16:11:00,1712736660000,69019.42,69074.28,69009.46,69009.47,45.46643
2024-04-10 16:12:00,1712736720000,69009.46,69077.02,69009.46,69068.0,17.90806
2024-04-10 16:13:00,1712736780000,69068.0,69110.82,69053.34,69084.69,19.4431
2024-04-10 16:14:00,1712736840000,69084.69,69084.7,69029.2,69030.03,34.71227
2024-04-10 16:15:00,1712736900000,69030.04,69030.04,69000.0,69000.0,23.41956
2024-04-10 16:16:00,1712736960000,69000.0,69026.99,68968.0,69014.64,21.70311
2024-04-10 16:17:00,1712737020000,69014.63,69014.64,68956.87,68964.6,17.55021
2024-04-10 16:18:00,1712737080000,68964.59,69043.25,68948.77,69043.25,13.41195
2024-04-10 16:19:00,1712737140000,69043.25,69064.78,69039.98,69057.01,9.90124
2024-04-10 16:20:00,1712737200000,69057.01,69184.39,69053.32,69172.6,35.33486
2024-04-10 16:21:00,1712737260000,69172.6,69243.99,69121.35,69128.27,39.85227
2024-04-10 16:22:00,1712737320000,69128.27,69146.03,69104.58,69139.93,14.79368
2024-04-10 16:23:00,1712737380000,69139.93,69139.93,69053.39,69053.39,17.76107
2024-04-10 16:24:00,1712737440000,69053.39,69057.76,68995.57,69019.15,23.81747
2024-04-10 16:25:00,1712737500000,69019.14,69019.15,68900.91,68941.89,60.1162
2024-04-10 16:26:00,1712737560000,68941.9,68993.92,68932.0,68993.91,15.34233
2024-04-10 16:27:00,1712737620000,68993.91,69000.0,68949.83,68999.99,14.72174
2024-04-10 16:28:00,1712737680000,68999.99,69075.91,68999.99,69036.0,20.36013
2024-04-10 16:29:00,1712737740000,69036.0,69063.99,69006.98,69063.98,7.46666
2024-04-10 16:30:00,1712737800000,69063.99,69077.17,69036.45,69077.17,13.10474
